timestamp,symbol,open,high,low,close,volume
2026-04-23T04:30:00Z,FNEL,1.39,1.39,1.39,1.39,0
2026-04-23T04:30:00Z,HASC,19.5,19.5,19.5,19.5,0
2026-04-23T04:30:00Z,KOHP,6.14,6.14,6.14,6.14,0
2026-04-23T04:30:00Z,MARI,665.0,665.0,665.0,665.0,0
2026-04-23T04:31:00Z,FNEL,1.39,1.39,1.39,1.39,0
2026-04-23T04:31:00Z,HASC,19.5,19.5,19.5,19.5,0
2026-04-23T04:31:00Z,KOHP,6.14,6.14,6.14,6.14,0
2026-04-23T04:31:00Z,MARI,665.0,665.0,665.0,665.0,0
2026-04-23T04:32:00Z,FNEL,1.39,1.39,1.39,1.39,0
2026-04-23T04:32:00Z,HASC,19.5,19.5,19.5,19.5,0
2026-04-23T04:32:00Z,KOHP,6.14,6.14,6.14,6.14,0
2026-04-23T04:32:00Z,MARI,665.0,665.0,665.0,665.0,0
2026-04-23T04:33:00Z,FNEL,1.39,1.39,1.39,1.39,0
2026-04-23T04:33:00Z,HASC,19.5,19.5,19.5,19.5,0
2026-04-23T04:33:00Z,KOHP,6.14,6.14,6.14,6.14,0
2026-04-23T04:33:00Z,MARI,665.0,665.0,665.0,665.0,0
2026-04-23T04:34:00Z,FNEL,1.39,1.39,1.39,1.39,203
2026-04-23T04:34:00Z,HASC,19.5,19.7,19.45,19.7,736072
2026-04-23T04:34:00Z,KOHP,6.14,6.15,6.01,6.14,62000
2026-04-23T04:34:00Z,MARI,665.0,666.0,664.0,664.0,5351
2026-04-23T04:35:00Z,FNEL,1.39,1.39,1.39,1.39,50000
2026-04-23T04:35:00Z,HASC,19.71,19.74,19.65,19.65,651117
2026-04-23T04:35:00Z,KOHP,6.1,6.1,6.02,6.1,82149
2026-04-23T04:35:00Z,MARI,664.0,664.0,664.0,664.0,421
2026-04-23T04:36:00Z,FNEL,1.39,1.39,1.39,1.39,170
2026-04-23T04:36:00Z,HASC,19.65,19.72,19.62,19.72,272486
2026-04-23T04:36:00Z,KOHP,6.08,6.14,6.06,6.14,169700
2026-04-23T04:36:00Z,MARI,664.0,664.51,663.71,664.51,1362
2026-04-23T04:37:00Z,FNEL,1.38,1.39,1.38,1.38,20269
2026-04-23T04:37:00Z,HASC,19.72,19.82,19.72,19.82,655329
2026-04-23T04:37:00Z,KOHP,6.1,6.1,6.08,6.1,24520
2026-04-23T04:37:00Z,MARI,664.51,665.99,664.0,665.99,437
2026-04-23T04:38:00Z,FNEL,1.39,1.39,1.39,1.39,55000
2026-04-23T04:38:00Z,HASC,19.81,19.85,19.78,19.82,648035
2026-04-23T04:38:00Z,KOHP,6.1,6.12,6.09,6.12,188100
2026-04-23T04:38:00Z,MARI,665.99,666.0,664.51,666.0,1733
2026-04-23T04:39:00Z,FNEL,1.39,1.39,1.39,1.39,2240
2026-04-23T04:39:00Z,HASC,19.83,19.85,19.63,19.63,505485
2026-04-23T04:39:00Z,KOHP,6.12,6.16,6.12,6.15,277070
2026-04-23T04:39:00Z,MARI,666.05,666.1,666.0,666.0,2802
2026-04-23T04:40:00Z,FNEL,1.39,1.39,1.39,1.39,15760
2026-04-23T04:40:00Z,HASC,19.65,19.71,19.6,19.63,366156
2026-04-23T04:40:00Z,KOHP,6.15,6.15,6.13,6.15,101300
2026-04-23T04:40:00Z,MARI,667.99,668.0,666.0,668.0,3193
2026-04-23T04:41:00Z,FNEL,1.39,1.39,1.39,1.39,7005
2026-04-23T04:41:00Z,HASC,19.65,19.7,19.5,19.5,907079
2026-04-23T04:41:00Z,KOHP,6.13,6.15,6.11,6.11,73280
2026-04-23T04:41:00Z,MARI,667.94,667.94,666.0,666.0,152
2026-04-23T04:42:00Z,FNEL,1.39,1.39,1.39,1.39,0
2026-04-23T04:42:00Z,HASC,19.5,19.6,19.49,19.5,979451
2026-04-23T04:42:00Z,KOHP,6.11,6.11,6.07,6.08,316703
2026-04-23T04:42:00Z,MARI,665.4,667.0,665.4,667.0,1154
2026-04-23T04:43:00Z,FNEL,1.38,1.39,1.37,1.38,283005
2026-04-23T04:43:00Z,HASC,19.5,19.6,19.5,19.5,293491
2026-04-23T04:43:00Z,KOHP,6.07,6.07,6.06,6.06,31835
2026-04-23T04:43:00Z,MARI,667.0,669.0,667.0,669.0,8435
2026-04-23T04:44:00Z,FNEL,1.37,1.38,1.37,1.38,27500
2026-04-23T04:44:00Z,HASC,19.53,19.65,19.5,19.6,468944
2026-04-23T04:44:00Z,KOHP,6.06,6.09,6.06,6.09,117825
2026-04-23T04:44:00Z,MARI,669.0,669.0,668.0,668.0,3491
2026-04-23T04:45:00Z,FNEL,1.37,1.38,1.37,1.38,19795
2026-04-23T04:45:00Z,HASC,19.55,19.6,19.53,19.55,534787
2026-04-23T04:45:00Z,KOHP,6.09,6.09,6.07,6.07,9597
2026-04-23T04:45:00Z,MARI,668.0,668.0,667.88,668.0,2321
2026-04-23T04:46:00Z,FNEL,1.38,1.38,1.37,1.37,644160
2026-04-23T04:46:00Z,HASC,19.53,19.55,19.5,19.55,388365
2026-04-23T04:46:00Z,KOHP,6.07,6.07,6.06,6.06,74210
2026-04-23T04:46:00Z,MARI,667.5,667.5,667.0,667.0,758
2026-04-23T04:47:00Z,FNEL,1.39,1.39,1.39,1.39,2700
2026-04-23T04:47:00Z,HASC,19.52,19.59,19.5,19.55,160853
2026-04-23T04:47:00Z,KOHP,6.06,6.07,6.05,6.07,162132
2026-04-23T04:47:00Z,MARI,667.0,667.5,667.0,667.5,1204
2026-04-23T04:48:00Z,FNEL,1.39,1.39,1.39,1.39,7930
2026-04-23T04:48:00Z,HASC,19.52,19.55,19.49,19.54,313721
2026-04-23T04:48:00Z,KOHP,6.07,6.14,6.06,6.13,205112
2026-04-23T04:48:00Z,MARI,667.0,667.5,667.0,667.0,2158
2026-04-23T04:49:00Z,FNEL,1.4,1.4,1.4,1.4,302070
2026-04-23T04:49:00Z,HASC,19.54,19.65,19.54,19.65,400606
2026-04-23T04:49:00Z,KOHP,6.13,6.13,6.11,6.13,75999
2026-04-23T04:49:00Z,MARI,666.1,667.0,665.5,666.1,4798
2026-04-23T04:50:00Z,FNEL,1.39,1.39,1.39,1.39,24000
2026-04-23T04:50:00Z,HASC,19.65,19.69,19.63,19.68,242180
2026-04-23T04:50:00Z,KOHP,6.12,6.18,6.12,6.18,257425
2026-04-23T04:50:00Z,MARI,666.12,666.9,665.09,665.09,809
2026-04-23T04:51:00Z,FNEL,1.39,1.39,1.38,1.39,50144
2026-04-23T04:51:00Z,HASC,19.68,19.73,19.68,19.73,287526
2026-04-23T04:51:00Z,KOHP,6.18,6.23,6.17,6.2,487139
2026-04-23T04:51:00Z,MARI,666.11,667.0,665.09,667.0,417
2026-04-23T04:52:00Z,FNEL,1.39,1.4,1.39,1.4,21318
2026-04-23T04:52:00Z,HASC,19.72,19.77,19.7,19.77,496817
2026-04-23T04:52:00Z,KOHP,6.2,6.24,6.19,6.24,502569
2026-04-23T04:52:00Z,MARI,666.01,666.15,665.1,666.0,5898
2026-04-23T04:53:00Z,FNEL,1.4,1.4,1.38,1.38,72039
2026-04-23T04:53:00Z,HASC,19.78,19.8,19.76,19.78,481818
2026-04-23T04:53:00Z,KOHP,6.25,6.25,6.18,6.18,328550
2026-04-23T04:53:00Z,MARI,666.0,666.0,666.0,666.0,19
2026-04-23T04:54:00Z,FNEL,1.39,1.39,1.39,1.39,100000
2026-04-23T04:54:00Z,HASC,19.78,19.8,19.76,19.76,195972
2026-04-23T04:54:00Z,KOHP,6.19,6.23,6.18,6.21,372849
2026-04-23T04:54:00Z,MARI,665.2,665.99,665.2,665.99,203
2026-04-23T04:55:00Z,FNEL,1.39,1.39,1.39,1.39,35000
2026-04-23T04:55:00Z,HASC,19.78,19.78,19.72,19.72,309055
2026-04-23T04:55:00Z,KOHP,6.21,6.3,6.21,6.28,1106006
2026-04-23T04:55:00Z,MARI,665.99,665.99,665.9,665.9,83
2026-04-23T04:56:00Z,FNEL,1.38,1.39,1.38,1.39,22050
2026-04-23T04:56:00Z,HASC,19.74,19.75,19.68,19.69,268121
2026-04-23T04:56:00Z,KOHP,6.27,6.27,6.24,6.25,31600
2026-04-23T04:56:00Z,MARI,665.9,665.99,665.9,665.99,200
2026-04-23T04:57:00Z,FNEL,1.39,1.39,1.39,1.39,2400
2026-04-23T04:57:00Z,HASC,19.69,19.7,19.68,19.68,40072
2026-04-23T04:57:00Z,KOHP,6.24,6.27,6.24,6.25,41200
2026-04-23T04:57:00Z,MARI,665.97,666.0,665.97,666.0,551
2026-04-23T04:58:00Z,FNEL,1.39,1.39,1.39,1.39,7000
2026-04-23T04:58:00Z,HASC,19.7,19.7,19.68,19.7,54563
2026-04-23T04:58:00Z,KOHP,6.26,6.27,6.25,6.27,221314
2026-04-23T04:58:00Z,MARI,666.0,666.0,665.5,666.0,670
2026-04-23T04:59:00Z,FNEL,1.39,1.39,1.39,1.39,1
2026-04-23T04:59:00Z,HASC,19.73,19.73,19.7,19.7,21200
2026-04-23T04:59:00Z,KOHP,6.28,6.29,6.26,6.27,233923
2026-04-23T04:59:00Z,MARI,666.0,666.0,665.5,665.51,117
2026-04-23T05:00:00Z,FNEL,1.38,1.39,1.38,1.39,110049
2026-04-23T05:00:00Z,HASC,19.72,19.72,19.69,19.69,85957
2026-04-23T05:00:00Z,KOHP,6.27,6.28,6.25,6.25,142293
2026-04-23T05:00:00Z,MARI,665.51,665.51,665.5,665.5,25
2026-04-23T05:01:00Z,FNEL,1.39,1.39,1.39,1.39,58451
2026-04-23T05:01:00Z,HASC,19.7,19.7,19.68,19.68,56421
2026-04-23T05:01:00Z,KOHP,6.25,6.27,6.24,6.24,30647
2026-04-23T05:01:00Z,MARI,665.51,665.99,665.11,665.99,1381
2026-04-23T05:02:00Z,FNEL,1.39,1.39,1.39,1.39,5000
2026-04-23T05:02:00Z,HASC,19.68,19.69,19.67,19.68,18189
2026-04-23T05:02:00Z,KOHP,6.25,6.25,6.21,6.21,180612
2026-04-23T05:02:00Z,MARI,665.99,665.99,665.12,665.99,203
2026-04-23T05:03:00Z,FNEL,1.38,1.39,1.38,1.39,5500
2026-04-23T05:03:00Z,HASC,19.68,19.71,19.68,19.7,134764
2026-04-23T05:03:00Z,KOHP,6.21,6.22,6.21,6.22,164350
2026-04-23T05:03:00Z,MARI,665.99,665.99,664.5,665.98,10068
2026-04-23T05:04:00Z,FNEL,1.39,1.39,1.38,1.39,42850
2026-04-23T05:04:00Z,HASC,19.71,19.71,19.7,19.7,23700
2026-04-23T05:04:00Z,KOHP,6.22,6.25,6.22,6.25,135170
2026-04-23T05:04:00Z,MARI,665.98,665.98,664.5,665.98,61
2026-04-23T05:05:00Z,FNEL,1.39,1.39,1.39,1.39,111849
2026-04-23T05:05:00Z,HASC,19.7,19.7,19.65,19.68,34383
2026-04-23T05:05:00Z,KOHP,6.24,6.27,6.24,6.25,83855
2026-04-23T05:05:00Z,MARI,665.9,665.9,665.9,665.9,30
2026-04-23T05:06:00Z,FNEL,1.39,1.39,1.39,1.39,1000
2026-04-23T05:06:00Z,HASC,19.66,19.66,19.64,19.65,64100
2026-04-23T05:06:00Z,KOHP,6.24,6.26,6.22,6.23,101600
2026-04-23T05:06:00Z,MARI,665.9,665.9,665.9,665.9,9
2026-04-23T05:07:00Z,FNEL,1.39,1.39,1.39,1.39,5156
2026-04-23T05:07:00Z,HASC,19.66,19.67,19.64,19.64,32010
2026-04-23T05:07:00Z,KOHP,6.24,6.25,6.23,6.25,40050
2026-04-23T05:07:00Z,MARI,665.9,665.9,665.9,665.9,0
2026-04-23T05:08:00Z,FNEL,1.39,1.39,1.39,1.39,0
2026-04-23T05:08:00Z,HASC,19.64,19.67,19.64,19.67,14165
2026-04-23T05:08:00Z,KOHP,6.25,6.33,6.25,6.31,744105
2026-04-23T05:08:00Z,MARI,665.85,665.85,665.85,665.85,3
2026-04-23T05:09:00Z,FNEL,1.39,1.39,1.39,1.39,0
2026-04-23T05:09:00Z,HASC,19.67,19.67,19.65,19.65,8705
2026-04-23T05:09:00Z,KOHP,6.31,6.31,6.27,6.29,106700
2026-04-23T05:09:00Z,MARI,665.85,665.85,664.02,664.02,860
2026-04-23T05:10:00Z,FNEL,1.39,1.39,1.39,1.39,5000
2026-04-23T05:10:00Z,HASC,19.65,19.65,19.63,19.63,37525
2026-04-23T05:10:00Z,KOHP,6.28,6.29,6.27,6.28,166815
2026-04-23T05:10:00Z,MARI,665.84,665.84,664.0,664.0,1810
2026-04-23T05:11:00Z,FNEL,1.39,1.39,1.39,1.39,0
2026-04-23T05:11:00Z,HASC,19.64,19.65,19.63,19.65,104001
2026-04-23T05:11:00Z,KOHP,6.29,6.29,6.27,6.27,258150
2026-04-23T05:11:00Z,MARI,665.5,665.5,663.71,665.5,399
2026-04-23T05:12:00Z,FNEL,1.39,1.39,1.39,1.39,0
2026-04-23T05:12:00Z,HASC,19.64,19.66,19.63,19.65,38182
2026-04-23T05:12:00Z,KOHP,6.28,6.3,6.27,6.27,118505
2026-04-23T05:12:00Z,MARI,663.71,665.0,663.0,663.0,3076
2026-04-23T05:13:00Z,FNEL,1.39,1.39,1.39,1.39,608
2026-04-23T05:13:00Z,HASC,19.63,19.66,19.63,19.65,14560
2026-04-23T05:13:00Z,KOHP,6.26,6.26,6.23,6.23,150542
2026-04-23T05:13:00Z,MARI,664.95,664.95,663.0,664.95,155
2026-04-23T05:14:00Z,FNEL,1.39,1.39,1.39,1.39,100
2026-04-23T05:14:00Z,HASC,19.65,19.66,19.63,19.65,62520
2026-04-23T05:14:00Z,KOHP,6.23,6.23,6.22,6.23,14528
2026-04-23T05:14:00Z,MARI,664.49,664.49,662.0,662.0,1126
2026-04-23T05:15:00Z,FNEL,1.39,1.39,1.39,1.39,0
2026-04-23T05:15:00Z,HASC,19.64,19.67,19.64,19.66,30444
2026-04-23T05:15:00Z,KOHP,6.24,6.25,6.24,6.24,45050
2026-04-23T05:15:00Z,MARI,663.0,663.0,662.05,662.05,751
2026-04-23T05:16:00Z,FNEL,1.4,1.4,1.4,1.4,10
2026-04-23T05:16:00Z,HASC,19.66,19.7,19.65,19.67,109908
2026-04-23T05:16:00Z,KOHP,6.24,6.25,6.24,6.25,18500
2026-04-23T05:16:00Z,MARI,663.0,663.0,662.1,663.0,5555
2026-04-23T05:17:00Z,FNEL,1.39,1.39,1.39,1.39,2180
2026-04-23T05:17:00Z,HASC,19.7,19.74,19.67,19.74,78704
2026-04-23T05:17:00Z,KOHP,6.25,6.27,6.25,6.26,154275
2026-04-23T05:17:00Z,MARI,664.9,664.9,664.9,664.9,150
2026-04-23T05:18:00Z,FNEL,1.4,1.4,1.39,1.4,20670
2026-04-23T05:18:00Z,HASC,19.7,19.74,19.7,19.73,22502
2026-04-23T05:18:00Z,KOHP,6.27,6.27,6.26,6.26,212150
2026-04-23T05:18:00Z,MARI,664.9,664.9,664.9,664.9,0
2026-04-23T05:19:00Z,FNEL,1.4,1.4,1.4,1.4,3100
2026-04-23T05:19:00Z,HASC,19.73,19.8,19.7,19.8,308322
2026-04-23T05:19:00Z,KOHP,6.28,6.29,6.28,6.29,237154
2026-04-23T05:19:00Z,MARI,663.12,664.0,661.75,664.0,5002
2026-04-23T05:20:00Z,FNEL,1.39,1.39,1.39,1.39,3000
2026-04-23T05:20:00Z,HASC,19.79,20.12,19.79,20.07,3700352
2026-04-23T05:20:00Z,KOHP,6.29,6.29,6.26,6.26,187901
2026-04-23T05:20:00Z,MARI,664.0,664.0,664.0,664.0,12
2026-04-23T05:21:00Z,FNEL,1.4,1.4,1.4,1.4,100
2026-04-23T05:21:00Z,HASC,20.07,20.1,19.96,20.01,731041
2026-04-23T05:21:00Z,KOHP,6.28,6.28,6.26,6.27,12325
2026-04-23T05:21:00Z,MARI,663.99,664.0,663.99,664.0,200
2026-04-23T05:22:00Z,FNEL,1.4,1.4,1.4,1.4,0
2026-04-23T05:22:00Z,HASC,20.04,20.14,20.0,20.14,892965
2026-04-23T05:22:00Z,KOHP,6.27,6.27,6.27,6.27,5540
2026-04-23T05:22:00Z,MARI,664.0,664.0,664.0,664.0,616
2026-04-23T05:23:00Z,FNEL,1.39,1.39,1.39,1.39,1000
2026-04-23T05:23:00Z,HASC,20.14,20.15,20.05,20.1,729289
2026-04-23T05:23:00Z,KOHP,6.26,6.26,6.23,6.23,110945
2026-04-23T05:23:00Z,MARI,664.0,664.0,664.0,664.0,231
2026-04-23T05:24:00Z,FNEL,1.39,1.39,1.39,1.39,0
2026-04-23T05:24:00Z,HASC,20.1,20.14,20.03,20.14,490058
2026-04-23T05:24:00Z,KOHP,6.22,6.25,6.2,6.25,524230
2026-04-23T05:24:00Z,MARI,664.5,664.5,664.5,664.5,2
2026-04-23T05:25:00Z,FNEL,1.4,1.4,1.4,1.4,6500
2026-04-23T05:25:00Z,HASC,20.13,20.3,20.11,20.25,1349140
2026-04-23T05:25:00Z,KOHP,6.24,6.24,6.21,6.21,13300
2026-04-23T05:25:00Z,MARI,664.0,664.0,663.52,663.52,53
2026-04-23T05:26:00Z,FNEL,1.39,1.39,1.39,1.39,108700
2026-04-23T05:26:00Z,HASC,20.25,20.28,20.2,20.24,381036
2026-04-23T05:26:00Z,KOHP,6.21,6.25,6.2,6.25,95680
2026-04-23T05:26:00Z,MARI,664.0,664.0,664.0,664.0,22
2026-04-23T05:27:00Z,FNEL,1.39,1.39,1.39,1.39,0
2026-04-23T05:27:00Z,HASC,20.24,20.38,20.23,20.33,1009678
2026-04-23T05:27:00Z,KOHP,6.25,6.25,6.23,6.25,38601
2026-04-23T05:27:00Z,MARI,664.0,664.0,664.0,664.0,12
2026-04-23T05:28:00Z,FNEL,1.39,1.39,1.39,1.39,0
2026-04-23T05:28:00Z,HASC,20.3,20.4,20.3,20.31,956682
2026-04-23T05:28:00Z,KOHP,6.24,6.25,6.24,6.25,42500
2026-04-23T05:28:00Z,MARI,664.0,664.2,664.0,664.0,70
2026-04-23T05:29:00Z,FNEL,1.39,1.4,1.39,1.4,8630
2026-04-23T05:29:00Z,HASC,20.36,20.38,20.23,20.26,1068589
2026-04-23T05:29:00Z,KOHP,6.25,6.25,6.25,6.25,6000
2026-04-23T05:29:00Z,MARI,663.67,663.67,662.15,662.15,1010
2026-04-23T05:30:00Z,FNEL,1.39,1.39,1.39,1.39,1005
2026-04-23T05:30:00Z,HASC,20.26,20.3,20.25,20.27,293062
2026-04-23T05:30:00Z,KOHP,6.24,6.25,6.24,6.24,36935
2026-04-23T05:30:00Z,MARI,662.55,663.94,662.55,663.94,315
2026-04-23T05:31:00Z,FNEL,1.39,1.39,1.39,1.39,0
2026-04-23T05:31:00Z,HASC,20.29,20.35,20.28,20.34,765639
2026-04-23T05:31:00Z,KOHP,6.25,6.25,6.24,6.25,51050
2026-04-23T05:31:00Z,MARI,662.55,663.94,662.0,662.11,5487
2026-04-23T05:32:00Z,FNEL,1.4,1.4,1.4,1.4,250001
2026-04-23T05:32:00Z,HASC,20.33,20.35,20.32,20.34,251345
2026-04-23T05:32:00Z,KOHP,6.25,6.25,6.24,6.24,32000
2026-04-23T05:32:00Z,MARI,663.0,663.0,661.81,661.81,360
2026-04-23T05:33:00Z,FNEL,1.4,1.4,1.4,1.4,1550
2026-04-23T05:33:00Z,HASC,20.34,20.44,20.32,20.44,1535842
2026-04-23T05:33:00Z,KOHP,6.24,6.25,6.24,6.24,2615
2026-04-23T05:33:00Z,MARI,662.0,662.0,661.0,662.0,1112
2026-04-23T05:34:00Z,FNEL,1.4,1.41,1.4,1.41,44924
2026-04-23T05:34:00Z,HASC,20.41,20.55,20.36,20.54,1489173
2026-04-23T05:34:00Z,KOHP,6.24,6.24,6.23,6.23,16475
2026-04-23T05:34:00Z,MARI,662.0,662.0,661.25,661.88,1612
2026-04-23T05:35:00Z,FNEL,1.4,1.4,1.4,1.4,5000
2026-04-23T05:35:00Z,HASC,20.54,20.59,20.4,20.57,1205258
2026-04-23T05:35:00Z,KOHP,6.23,6.24,6.23,6.24,26150
2026-04-23T05:35:00Z,MARI,661.9,662.95,661.1,662.0,2489
2026-04-23T05:36:00Z,FNEL,1.4,1.41,1.4,1.41,100500
2026-04-23T05:36:00Z,HASC,20.57,20.68,20.54,20.68,1207616
2026-04-23T05:36:00Z,KOHP,6.23,6.26,6.23,6.26,39880
2026-04-23T05:36:00Z,MARI,662.0,662.0,661.1,661.1,1267
2026-04-23T05:37:00Z,FNEL,1.4,1.4,1.4,1.4,31500
2026-04-23T05:37:00Z,HASC,20.65,20.79,20.65,20.75,1283373
2026-04-23T05:37:00Z,KOHP,6.26,6.26,6.25,6.25,8010
2026-04-23T05:37:00Z,MARI,661.45,662.0,661.45,661.5,987
2026-04-23T05:38:00Z,FNEL,1.4,1.4,1.4,1.4,0
2026-04-23T05:38:00Z,HASC,20.7,20.83,20.7,20.74,978910
2026-04-23T05:38:00Z,KOHP,6.25,6.26,6.25,6.25,27050
2026-04-23T05:38:00Z,MARI,662.95,663.0,662.95,663.0,500
2026-04-23T05:39:00Z,FNEL,1.41,1.41,1.41,1.41,150
2026-04-23T05:39:00Z,HASC,20.74,20.75,20.57,20.66,836124
2026-04-23T05:39:00Z,KOHP,6.25,6.27,6.25,6.27,76190
2026-04-23T05:39:00Z,MARI,663.0,663.0,662.11,663.0,656
2026-04-23T05:40:00Z,FNEL,1.41,1.41,1.41,1.41,0
2026-04-23T05:40:00Z,HASC,20.62,20.8,20.62,20.72,652454
2026-04-23T05:40:00Z,KOHP,6.27,6.28,6.25,6.25,10690
2026-04-23T05:40:00Z,MARI,662.1,663.0,662.1,663.0,591
2026-04-23T05:41:00Z,FNEL,1.41,1.41,1.41,1.41,0
2026-04-23T05:41:00Z,HASC,20.74,20.84,20.71,20.84,762373
2026-04-23T05:41:00Z,KOHP,6.25,6.28,6.25,6.28,5601
2026-04-23T05:41:00Z,MARI,663.5,663.85,663.5,663.85,36
2026-04-23T05:42:00Z,FNEL,1.41,1.41,1.4,1.4,16776
2026-04-23T05:42:00Z,HASC,20.84,20.9,20.8,20.87,1572651
2026-04-23T05:42:00Z,KOHP,6.28,6.28,6.25,6.28,12123
2026-04-23T05:42:00Z,MARI,663.02,663.85,663.02,663.85,122
2026-04-23T05:43:00Z,FNEL,1.4,1.4,1.4,1.4,6224
2026-04-23T05:43:00Z,HASC,20.8,20.83,20.75,20.83,689027
2026-04-23T05:43:00Z,KOHP,6.27,6.27,6.27,6.27,1037
2026-04-23T05:43:00Z,MARI,663.85,663.85,663.1,663.1,6
2026-04-23T05:44:00Z,FNEL,1.41,1.41,1.41,1.41,100000
2026-04-23T05:44:00Z,HASC,20.83,20.88,20.77,20.84,680024
2026-04-23T05:44:00Z,KOHP,6.27,6.27,6.26,6.27,2006
2026-04-23T05:44:00Z,MARI,663.1,663.1,663.1,663.1,0
2026-04-23T05:45:00Z,FNEL,1.41,1.41,1.41,1.41,0
2026-04-23T05:45:00Z,HASC,20.84,20.88,20.78,20.88,506212
2026-04-23T05:45:00Z,KOHP,6.27,6.3,6.27,6.3,508497
2026-04-23T05:45:00Z,MARI,663.16,663.16,663.1,663.1,773
2026-04-23T05:46:00Z,FNEL,1.4,1.4,1.4,1.4,10000
2026-04-23T05:46:00Z,HASC,20.88,20.93,20.84,20.85,1575398
2026-04-23T05:46:00Z,KOHP,6.31,6.32,6.3,6.3,851500
2026-04-23T05:46:00Z,MARI,663.16,663.8,663.1,663.8,315
2026-04-23T05:47:00Z,FNEL,1.4,1.41,1.4,1.41,5004
2026-04-23T05:47:00Z,HASC,20.85,20.87,20.8,20.81,608939
2026-04-23T05:47:00Z,KOHP,6.3,6.32,6.3,6.31,173602
2026-04-23T05:47:00Z,MARI,663.1,663.1,663.1,663.1,63
2026-04-23T05:48:00Z,FNEL,1.41,1.41,1.41,1.41,3
2026-04-23T05:48:00Z,HASC,20.82,20.83,20.75,20.75,533684
2026-04-23T05:48:00Z,KOHP,6.32,6.36,6.31,6.35,1001350
2026-04-23T05:48:00Z,MARI,663.11,663.79,663.03,663.03,797
2026-04-23T05:49:00Z,FNEL,1.4,1.4,1.4,1.4,51020
2026-04-23T05:49:00Z,HASC,20.75,20.78,20.67,20.67,498043
2026-04-23T05:49:00Z,KOHP,6.33,6.36,6.33,6.35,1156333
2026-04-23T05:49:00Z,MARI,663.79,663.79,663.5,663.5,24
2026-04-23T05:50:00Z,FNEL,1.4,1.4,1.4,1.4,50508
2026-04-23T05:50:00Z,HASC,20.68,20.69,20.61,20.65,226833
2026-04-23T05:50:00Z,KOHP,6.35,6.35,6.28,6.3,422960
2026-04-23T05:50:00Z,MARI,663.5,663.5,663.5,663.5,202
2026-04-23T05:51:00Z,FNEL,1.4,1.4,1.4,1.4,0
2026-04-23T05:51:00Z,HASC,20.64,20.7,20.64,20.65,351578
2026-04-23T05:51:00Z,KOHP,6.29,6.3,6.28,6.3,176466
2026-04-23T05:51:00Z,MARI,663.5,663.5,663.03,663.03,160
2026-04-23T05:52:00Z,FNEL,1.4,1.4,1.4,1.4,5002
2026-04-23T05:52:00Z,HASC,20.65,20.68,20.63,20.64,109862
2026-04-23T05:52:00Z,KOHP,6.28,6.29,6.27,6.27,52000
2026-04-23T05:52:00Z,MARI,663.5,663.5,663.5,663.5,202
2026-04-23T05:53:00Z,FNEL,1.4,1.4,1.4,1.4,0
2026-04-23T05:53:00Z,HASC,20.64,20.66,20.51,20.59,443164
2026-04-23T05:53:00Z,KOHP,6.29,6.3,6.27,6.3,16000
2026-04-23T05:53:00Z,MARI,663.03,663.5,663.03,663.5,106
2026-04-23T05:54:00Z,FNEL,1.39,1.39,1.39,1.39,100000
2026-04-23T05:54:00Z,HASC,20.53,20.59,20.5,20.54,308122
2026-04-23T05:54:00Z,KOHP,6.29,6.29,6.27,6.27,6850
2026-04-23T05:54:00Z,MARI,663.5,663.5,663.5,663.5,0
2026-04-23T05:55:00Z,FNEL,1.39,1.39,1.39,1.39,20000
2026-04-23T05:55:00Z,HASC,20.55,20.59,20.5,20.5,156586
2026-04-23T05:55:00Z,KOHP,6.27,6.27,6.25,6.25,404386
2026-04-23T05:55:00Z,MARI,663.3,663.5,663.05,663.5,195
2026-04-23T05:56:00Z,FNEL,1.39,1.39,1.39,1.39,0
2026-04-23T05:56:00Z,HASC,20.51,20.55,20.51,20.53,27839
2026-04-23T05:56:00Z,KOHP,6.27,6.32,6.27,6.32,504028
2026-04-23T05:56:00Z,MARI,663.5,663.5,663.5,663.5,262
2026-04-23T05:57:00Z,FNEL,1.4,1.4,1.39,1.39,20050
2026-04-23T05:57:00Z,HASC,20.55,20.56,20.52,20.52,113810
2026-04-23T05:57:00Z,KOHP,6.31,6.33,6.29,6.33,751674
2026-04-23T05:57:00Z,MARI,663.05,663.5,663.04,663.5,140
2026-04-23T05:58:00Z,FNEL,1.39,1.39,1.39,1.39,0
2026-04-23T05:58:00Z,HASC,20.54,20.56,20.52,20.56,134918
2026-04-23T05:58:00Z,KOHP,6.32,6.32,6.29,6.32,173352
2026-04-23T05:58:00Z,MARI,663.5,663.5,663.5,663.5,124
2026-04-23T05:59:00Z,FNEL,1.39,1.39,1.39,1.39,0
2026-04-23T05:59:00Z,HASC,20.56,20.59,20.56,20.57,120309
2026-04-23T05:59:00Z,KOHP,6.32,6.33,6.32,6.33,95000
2026-04-23T05:59:00Z,MARI,663.5,663.5,663.0,663.0,2019
2026-04-23T06:00:00Z,FNEL,1.39,1.39,1.39,1.39,0
2026-04-23T06:00:00Z,HASC,20.57,20.65,20.56,20.6,114367
2026-04-23T06:00:00Z,KOHP,6.33,6.34,6.33,6.33,64815
2026-04-23T06:00:00Z,MARI,663.0,663.0,663.0,663.0,657
2026-04-23T06:01:00Z,FNEL,1.39,1.39,1.39,1.39,30000
2026-04-23T06:01:00Z,HASC,20.61,20.63,20.6,20.61,79293
2026-04-23T06:01:00Z,KOHP,6.34,6.34,6.3,6.32,74000
2026-04-23T06:01:00Z,MARI,663.0,663.0,663.0,663.0,3
2026-04-23T06:02:00Z,FNEL,1.39,1.39,1.39,1.39,0
2026-04-23T06:02:00Z,HASC,20.61,20.63,20.6,20.6,56957
2026-04-23T06:02:00Z,KOHP,6.32,6.34,6.3,6.34,144500
2026-04-23T06:02:00Z,MARI,663.0,663.0,663.0,663.0,38
2026-04-23T06:03:00Z,FNEL,1.39,1.39,1.39,1.39,106000
2026-04-23T06:03:00Z,HASC,20.62,20.63,20.59,20.59,55722
2026-04-23T06:03:00Z,KOHP,6.31,6.33,6.3,6.32,369000
2026-04-23T06:03:00Z,MARI,663.0,663.0,663.0,663.0,13
2026-04-23T06:04:00Z,FNEL,1.39,1.39,1.39,1.39,10000
2026-04-23T06:04:00Z,HASC,20.58,20.6,20.55,20.55,63326
2026-04-23T06:04:00Z,KOHP,6.32,6.33,6.31,6.33,221570
2026-04-23T06:04:00Z,MARI,663.0,663.0,663.0,663.0,100
2026-04-23T06:05:00Z,FNEL,1.39,1.39,1.39,1.39,5000
2026-04-23T06:05:00Z,HASC,20.55,20.56,20.51,20.52,138855
2026-04-23T06:05:00Z,KOHP,6.33,6.34,6.31,6.31,300001
2026-04-23T06:05:00Z,MARI,663.44,663.44,663.0,663.0,26
2026-04-23T06:06:00Z,FNEL,1.4,1.4,1.39,1.39,130000
2026-04-23T06:06:00Z,HASC,20.51,20.54,20.46,20.47,620894
2026-04-23T06:06:00Z,KOHP,6.33,6.33,6.33,6.33,52300
2026-04-23T06:06:00Z,MARI,663.0,663.45,662.83,663.45,155
2026-04-23T06:07:00Z,FNEL,1.39,1.39,1.39,1.39,0
2026-04-23T06:07:00Z,HASC,20.48,20.54,20.48,20.5,74353
2026-04-23T06:07:00Z,KOHP,6.33,6.34,6.32,6.34,137161
2026-04-23T06:07:00Z,MARI,663.45,663.45,663.45,663.45,6
2026-04-23T06:08:00Z,FNEL,1.39,1.39,1.39,1.39,0
2026-04-23T06:08:00Z,HASC,20.51,20.54,20.5,20.54,112950
2026-04-23T06:08:00Z,KOHP,6.33,6.33,6.32,6.33,98955
2026-04-23T06:08:00Z,MARI,663.45,663.45,662.83,662.83,337
2026-04-23T06:09:00Z,FNEL,1.39,1.39,1.39,1.39,160
2026-04-23T06:09:00Z,HASC,20.52,20.53,20.5,20.5,62143
2026-04-23T06:09:00Z,KOHP,6.33,6.33,6.3,6.3,148825
2026-04-23T06:09:00Z,MARI,663.45,663.45,663.44,663.44,69
2026-04-23T06:10:00Z,FNEL,1.4,1.4,1.4,1.4,10000
2026-04-23T06:10:00Z,HASC,20.5,20.52,20.4,20.4,175730
2026-04-23T06:10:00Z,KOHP,6.3,6.3,6.28,6.28,25000
2026-04-23T06:10:00Z,MARI,662.83,662.83,662.83,662.83,2
2026-04-23T06:11:00Z,FNEL,1.4,1.4,1.4,1.4,0
2026-04-23T06:11:00Z,HASC,20.41,20.49,20.4,20.42,139688
2026-04-23T06:11:00Z,KOHP,6.29,6.29,6.29,6.29,308000
2026-04-23T06:11:00Z,MARI,662.83,662.83,662.83,662.83,0
2026-04-23T06:12:00Z,FNEL,1.4,1.4,1.4,1.4,0
2026-04-23T06:12:00Z,HASC,20.43,20.49,20.43,20.43,270000
2026-04-23T06:12:00Z,KOHP,6.29,6.29,6.26,6.26,42190
2026-04-23T06:12:00Z,MARI,663.0,663.0,663.0,663.0,6
2026-04-23T06:13:00Z,FNEL,1.4,1.4,1.4,1.4,10
2026-04-23T06:13:00Z,HASC,20.44,20.45,20.43,20.43,163946
2026-04-23T06:13:00Z,KOHP,6.26,6.27,6.22,6.24,149431
2026-04-23T06:13:00Z,MARI,663.0,663.0,663.0,663.0,28
2026-04-23T06:14:00Z,FNEL,1.4,1.4,1.4,1.4,1000
2026-04-23T06:14:00Z,HASC,20.44,20.44,20.42,20.43,68732
2026-04-23T06:14:00Z,KOHP,6.25,6.26,6.24,6.26,373140
2026-04-23T06:14:00Z,MARI,663.0,663.0,663.0,663.0,26
2026-04-23T06:15:00Z,FNEL,1.39,1.39,1.39,1.39,2717
2026-04-23T06:15:00Z,HASC,20.42,20.43,20.42,20.42,52702
2026-04-23T06:15:00Z,KOHP,6.26,6.28,6.25,6.28,244500
2026-04-23T06:15:00Z,MARI,663.0,663.0,663.0,663.0,43
2026-04-23T06:16:00Z,FNEL,1.39,1.4,1.39,1.4,6500
2026-04-23T06:16:00Z,HASC,20.42,20.43,20.32,20.32,234978
2026-04-23T06:16:00Z,KOHP,6.28,6.28,6.26,6.28,91500
2026-04-23T06:16:00Z,MARI,663.0,663.0,663.0,663.0,101
2026-04-23T06:17:00Z,FNEL,1.39,1.39,1.39,1.39,2800
2026-04-23T06:17:00Z,HASC,20.34,20.4,20.33,20.4,101569
2026-04-23T06:17:00Z,KOHP,6.27,6.29,6.27,6.27,107233
2026-04-23T06:17:00Z,MARI,663.0,663.0,663.0,663.0,84
2026-04-23T06:18:00Z,FNEL,1.39,1.39,1.39,1.39,0
2026-04-23T06:18:00Z,HASC,20.4,20.47,20.4,20.44,176609
2026-04-23T06:18:00Z,KOHP,6.29,6.32,6.29,6.32,601400
2026-04-23T06:18:00Z,MARI,663.0,663.0,662.5,662.5,335
2026-04-23T06:19:00Z,FNEL,1.4,1.4,1.39,1.39,3500
2026-04-23T06:19:00Z,HASC,20.44,20.48,20.44,20.45,40764
2026-04-23T06:19:00Z,KOHP,6.32,6.32,6.29,6.3,186204
2026-04-23T06:19:00Z,MARI,662.5,662.5,662.15,662.2,502
2026-04-23T06:20:00Z,FNEL,1.39,1.4,1.39,1.4,1826
2026-04-23T06:20:00Z,HASC,20.48,20.5,20.45,20.5,54093
2026-04-23T06:20:00Z,KOHP,6.29,6.29,6.28,6.29,109626
2026-04-23T06:20:00Z,MARI,662.5,662.5,662.5,662.5,27
2026-04-23T06:21:00Z,FNEL,1.4,1.4,1.39,1.39,100009
2026-04-23T06:21:00Z,HASC,20.5,20.59,20.5,20.58,213707
2026-04-23T06:21:00Z,KOHP,6.29,6.29,6.29,6.29,42056
2026-04-23T06:21:00Z,MARI,662.5,662.5,662.25,662.5,24
2026-04-23T06:22:00Z,FNEL,1.39,1.39,1.39,1.39,0
2026-04-23T06:22:00Z,HASC,20.59,20.66,20.57,20.66,172172
2026-04-23T06:22:00Z,KOHP,6.28,6.29,6.27,6.28,74521
2026-04-23T06:22:00Z,MARI,662.5,662.5,662.5,662.5,0
2026-04-23T06:23:00Z,FNEL,1.39,1.39,1.39,1.39,50000
2026-04-23T06:23:00Z,HASC,20.65,20.7,20.62,20.67,141384
2026-04-23T06:23:00Z,KOHP,6.28,6.28,6.28,6.28,9800
2026-04-23T06:23:00Z,MARI,662.5,662.65,662.5,662.65,100
2026-04-23T06:24:00Z,FNEL,1.39,1.39,1.39,1.39,0
2026-04-23T06:24:00Z,HASC,20.67,20.7,20.6,20.64,254688
2026-04-23T06:24:00Z,KOHP,6.28,6.28,6.27,6.27,25005
2026-04-23T06:24:00Z,MARI,662.6,662.6,662.6,662.6,109
2026-04-23T06:25:00Z,FNEL,1.39,1.39,1.39,1.39,0
2026-04-23T06:25:00Z,HASC,20.6,20.62,20.56,20.57,79537
2026-04-23T06:25:00Z,KOHP,6.27,6.27,6.26,6.26,23506
2026-04-23T06:25:00Z,MARI,662.6,662.6,662.6,662.6,301
2026-04-23T06:26:00Z,FNEL,1.39,1.4,1.39,1.39,38510
2026-04-23T06:26:00Z,HASC,20.57,20.64,20.56,20.6,24738
2026-04-23T06:26:00Z,KOHP,6.27,6.28,6.27,6.27,51000
2026-04-23T06:26:00Z,MARI,662.6,662.6,662.6,662.6,255
2026-04-23T06:27:00Z,FNEL,1.39,1.39,1.39,1.39,0
2026-04-23T06:27:00Z,HASC,20.6,20.64,20.53,20.59,72890
2026-04-23T06:27:00Z,KOHP,6.28,6.28,6.28,6.28,95300
2026-04-23T06:27:00Z,MARI,662.6,662.6,662.6,662.6,2
2026-04-23T06:28:00Z,FNEL,1.39,1.39,1.39,1.39,0
2026-04-23T06:28:00Z,HASC,20.56,20.59,20.55,20.55,14250
2026-04-23T06:28:00Z,KOHP,6.28,6.28,6.25,6.25,186921
2026-04-23T06:28:00Z,MARI,662.6,662.6,662.6,662.6,304
2026-04-23T06:29:00Z,FNEL,1.39,1.39,1.39,1.39,0
2026-04-23T06:29:00Z,HASC,20.56,20.6,20.55,20.6,58910
2026-04-23T06:29:00Z,KOHP,6.25,6.26,6.24,6.25,218579
2026-04-23T06:29:00Z,MARI,662.51,662.6,662.5,662.6,69
2026-04-23T06:30:00Z,FNEL,1.4,1.4,1.4,1.4,300
2026-04-23T06:30:00Z,HASC,20.59,20.64,20.59,20.64,41524
2026-04-23T06:30:00Z,KOHP,6.25,6.26,6.24,6.25,434126
2026-04-23T06:30:00Z,MARI,662.6,662.6,662.6,662.6,12
2026-04-23T06:31:00Z,FNEL,1.4,1.4,1.4,1.4,0
2026-04-23T06:31:00Z,HASC,20.64,20.67,20.62,20.64,89115
2026-04-23T06:31:00Z,KOHP,6.25,6.26,6.25,6.26,71174
2026-04-23T06:31:00Z,MARI,662.6,662.65,662.5,662.5,280
2026-04-23T06:32:00Z,FNEL,1.4,1.4,1.4,1.4,20500
2026-04-23T06:32:00Z,HASC,20.64,20.68,20.62,20.65,129621
2026-04-23T06:32:00Z,KOHP,6.26,6.29,6.26,6.26,89089
2026-04-23T06:32:00Z,MARI,662.5,662.5,662.2,662.2,550
2026-04-23T06:33:00Z,FNEL,1.4,1.4,1.4,1.4,0
2026-04-23T06:33:00Z,HASC,20.65,20.67,20.63,20.65,31780
2026-04-23T06:33:00Z,KOHP,6.26,6.27,6.26,6.27,14000
2026-04-23T06:33:00Z,MARI,662.5,662.99,662.5,662.99,11
2026-04-23T06:34:00Z,FNEL,1.4,1.4,1.4,1.4,0
2026-04-23T06:34:00Z,HASC,20.65,20.65,20.61,20.65,89963
2026-04-23T06:34:00Z,KOHP,6.27,6.29,6.27,6.29,88700
2026-04-23T06:34:00Z,MARI,662.99,662.99,662.99,662.99,1
2026-04-23T06:35:00Z,FNEL,1.4,1.4,1.4,1.4,0
2026-04-23T06:35:00Z,HASC,20.65,20.67,20.62,20.62,95205
2026-04-23T06:35:00Z,KOHP,6.28,6.29,6.27,6.27,6306
2026-04-23T06:35:00Z,MARI,662.7,662.7,662.2,662.2,131
2026-04-23T06:36:00Z,FNEL,1.39,1.39,1.39,1.39,202135
2026-04-23T06:36:00Z,HASC,20.65,20.69,20.62,20.69,163990
2026-04-23T06:36:00Z,KOHP,6.27,6.27,6.27,6.27,0
2026-04-23T06:36:00Z,MARI,662.7,662.7,662.2,662.7,432
2026-04-23T06:37:00Z,FNEL,1.39,1.39,1.39,1.39,1
2026-04-23T06:37:00Z,HASC,20.67,20.7,20.61,20.62,130601
2026-04-23T06:37:00Z,KOHP,6.29,6.29,6.27,6.27,1500
2026-04-23T06:37:00Z,MARI,662.2,662.7,662.2,662.7,162
2026-04-23T06:38:00Z,FNEL,1.39,1.39,1.39,1.39,0
2026-04-23T06:38:00Z,HASC,20.65,20.67,20.62,20.63,127352
2026-04-23T06:38:00Z,KOHP,6.29,6.29,6.25,6.25,228109
2026-04-23T06:38:00Z,MARI,662.7,662.7,662.5,662.5,62
2026-04-23T06:39:00Z,FNEL,1.39,1.39,1.39,1.39,250320
2026-04-23T06:39:00Z,HASC,20.63,20.68,20.62,20.65,133054
2026-04-23T06:39:00Z,KOHP,6.26,6.35,6.26,6.35,472454
2026-04-23T06:39:00Z,MARI,662.5,662.7,662.5,662.7,155
2026-04-23T06:40:00Z,FNEL,1.39,1.39,1.39,1.39,0
2026-04-23T06:40:00Z,HASC,20.65,20.65,20.6,20.6,117474
2026-04-23T06:40:00Z,KOHP,6.36,6.45,6.35,6.42,1638688
2026-04-23T06:40:00Z,MARI,662.5,662.5,662.0,662.5,3958
2026-04-23T06:41:00Z,FNEL,1.39,1.39,1.39,1.39,1
2026-04-23T06:41:00Z,HASC,20.62,20.63,20.62,20.62,12050
2026-04-23T06:41:00Z,KOHP,6.41,6.41,6.38,6.39,369367
2026-04-23T06:41:00Z,MARI,662.0,662.5,662.0,662.0,774
2026-04-23T06:42:00Z,FNEL,1.39,1.4,1.39,1.4,95043
2026-04-23T06:42:00Z,HASC,20.62,20.63,20.6,20.62,67750
2026-04-23T06:42:00Z,KOHP,6.38,6.39,6.35,6.37,1155019
2026-04-23T06:42:00Z,MARI,661.8,662.0,661.5,661.86,1333
2026-04-23T06:43:00Z,FNEL,1.4,1.4,1.4,1.4,0
2026-04-23T06:43:00Z,HASC,20.62,20.63,20.53,20.53,208297
2026-04-23T06:43:00Z,KOHP,6.36,6.38,6.34,6.35,1270352
2026-04-23T06:43:00Z,MARI,661.55,661.55,661.55,661.55,51
2026-04-23T06:44:00Z,FNEL,1.4,1.4,1.4,1.4,0
2026-04-23T06:44:00Z,HASC,20.53,20.6,20.41,20.49,332654
2026-04-23T06:44:00Z,KOHP,6.38,6.38,6.36,6.36,52000
2026-04-23T06:44:00Z,MARI,661.55,661.55,661.5,661.5,531
2026-04-23T06:45:00Z,FNEL,1.39,1.39,1.39,1.39,58000
2026-04-23T06:45:00Z,HASC,20.5,20.5,20.49,20.5,9264
2026-04-23T06:45:00Z,KOHP,6.36,6.38,6.36,6.38,196633
2026-04-23T06:45:00Z,MARI,661.41,661.5,661.2,661.5,41
2026-04-23T06:46:00Z,FNEL,1.39,1.39,1.39,1.39,0
2026-04-23T06:46:00Z,HASC,20.5,20.5,20.49,20.49,36437
2026-04-23T06:46:00Z,KOHP,6.38,6.4,6.38,6.4,298085
2026-04-23T06:46:00Z,MARI,661.5,661.55,661.5,661.55,523
2026-04-23T06:47:00Z,FNEL,1.4,1.4,1.4,1.4,1000
2026-04-23T06:47:00Z,HASC,20.48,20.5,20.4,20.5,179828
2026-04-23T06:47:00Z,KOHP,6.37,6.41,6.37,6.41,366908
2026-04-23T06:47:00Z,MARI,661.55,661.86,661.55,661.86,319
2026-04-23T06:48:00Z,FNEL,1.39,1.39,1.39,1.39,3000
2026-04-23T06:48:00Z,HASC,20.46,20.48,20.36,20.36,152577
2026-04-23T06:48:00Z,KOHP,6.41,6.45,6.41,6.45,749550
2026-04-23T06:48:00Z,MARI,661.86,661.86,661.8,661.8,8
2026-04-23T06:49:00Z,FNEL,1.4,1.4,1.39,1.39,10700
2026-04-23T06:49:00Z,HASC,20.37,20.4,20.33,20.4,206600
2026-04-23T06:49:00Z,KOHP,6.45,6.45,6.43,6.45,914241
2026-04-23T06:49:00Z,MARI,661.86,661.86,661.55,661.86,318
2026-04-23T06:50:00Z,FNEL,1.39,1.39,1.39,1.39,0
2026-04-23T06:50:00Z,HASC,20.41,20.5,20.41,20.5,84250
2026-04-23T06:50:00Z,KOHP,6.45,6.46,6.44,6.46,276301
2026-04-23T06:50:00Z,MARI,661.86,661.86,661.86,661.86,0
2026-04-23T06:51:00Z,FNEL,1.4,1.4,1.4,1.4,3000
2026-04-23T06:51:00Z,HASC,20.51,20.51,20.42,20.47,31400
2026-04-23T06:51:00Z,KOHP,6.45,6.47,6.4,6.44,914312
2026-04-23T06:51:00Z,MARI,661.6,662.0,661.5,662.0,2087
2026-04-23T06:52:00Z,FNEL,1.4,1.4,1.4,1.4,0
2026-04-23T06:52:00Z,HASC,20.44,20.55,20.44,20.55,49355
2026-04-23T06:52:00Z,KOHP,6.43,6.45,6.41,6.44,269900
2026-04-23T06:52:00Z,MARI,662.0,662.0,661.9,661.9,610
2026-04-23T06:53:00Z,FNEL,1.39,1.39,1.39,1.39,29826
2026-04-23T06:53:00Z,HASC,20.56,20.6,20.5,20.59,392809
2026-04-23T06:53:00Z,KOHP,6.44,6.47,6.42,6.45,392910
2026-04-23T06:53:00Z,MARI,661.86,661.9,661.5,661.5,219
2026-04-23T06:54:00Z,FNEL,1.39,1.39,1.38,1.39,65001
2026-04-23T06:54:00Z,HASC,20.59,20.6,20.5,20.55,149705
2026-04-23T06:54:00Z,KOHP,6.46,6.47,6.45,6.47,351631
2026-04-23T06:54:00Z,MARI,661.5,661.9,661.1,661.9,634
2026-04-23T06:55:00Z,FNEL,1.39,1.39,1.39,1.39,301700
2026-04-23T06:55:00Z,HASC,20.5,20.5,20.47,20.47,51417
2026-04-23T06:55:00Z,KOHP,6.47,6.48,6.46,6.46,128660
2026-04-23T06:55:00Z,MARI,661.9,661.9,660.0,660.0,21991
2026-04-23T06:56:00Z,FNEL,1.39,1.39,1.39,1.39,4000
2026-04-23T06:56:00Z,HASC,20.45,20.5,20.45,20.49,61767
2026-04-23T06:56:00Z,KOHP,6.46,6.47,6.45,6.47,133995
2026-04-23T06:56:00Z,MARI,660.0,661.15,659.89,661.15,1390
2026-04-23T06:57:00Z,FNEL,1.39,1.39,1.39,1.39,0
2026-04-23T06:57:00Z,HASC,20.48,20.48,20.44,20.45,61416
2026-04-23T06:57:00Z,KOHP,6.47,6.49,6.46,6.47,663720
2026-04-23T06:57:00Z,MARI,661.0,661.0,661.0,661.0,16
2026-04-23T06:58:00Z,FNEL,1.39,1.39,1.39,1.39,0
2026-04-23T06:58:00Z,HASC,20.43,20.45,20.41,20.43,35500
2026-04-23T06:58:00Z,KOHP,6.48,6.49,6.46,6.47,283800
2026-04-23T06:58:00Z,MARI,661.0,661.0,661.0,661.0,125
2026-04-23T06:59:00Z,FNEL,1.39,1.39,1.39,1.39,114500
2026-04-23T06:59:00Z,HASC,20.45,20.47,20.4,20.43,47150
2026-04-23T06:59:00Z,KOHP,6.49,6.49,6.48,6.49,330705
2026-04-23T06:59:00Z,MARI,661.0,661.15,661.0,661.15,72
2026-04-23T07:00:00Z,FNEL,1.38,1.39,1.38,1.39,320
2026-04-23T07:00:00Z,HASC,20.43,20.45,20.43,20.45,3001
2026-04-23T07:00:00Z,KOHP,6.49,6.54,6.48,6.53,1663751
2026-04-23T07:00:00Z,MARI,661.15,661.15,661.15,661.15,1404
2026-04-23T07:01:00Z,FNEL,1.38,1.39,1.38,1.39,42500
2026-04-23T07:01:00Z,HASC,20.44,20.45,20.4,20.4,118628
2026-04-23T07:01:00Z,KOHP,6.53,6.57,6.53,6.57,881678
2026-04-23T07:01:00Z,MARI,661.15,661.9,661.0,661.9,456
2026-04-23T07:02:00Z,FNEL,1.39,1.39,1.39,1.39,0
2026-04-23T07:02:00Z,HASC,20.4,20.4,20.39,20.39,61350
2026-04-23T07:02:00Z,KOHP,6.57,6.58,6.55,6.56,652809
2026-04-23T07:02:00Z,MARI,661.0,661.0,660.0,661.0,8010
2026-04-23T07:03:00Z,FNEL,1.39,1.39,1.39,1.39,5
2026-04-23T07:03:00Z,HASC,20.39,20.39,20.35,20.36,112530
2026-04-23T07:03:00Z,KOHP,6.55,6.59,6.55,6.56,621120
2026-04-23T07:03:00Z,MARI,660.99,660.99,660.99,660.99,5
2026-04-23T07:04:00Z,FNEL,1.39,1.39,1.39,1.39,0
2026-04-23T07:04:00Z,HASC,20.36,20.39,20.34,20.35,67027
2026-04-23T07:04:00Z,KOHP,6.56,6.56,6.5,6.5,688310
2026-04-23T07:04:00Z,MARI,660.01,660.99,660.0,660.99,270
2026-04-23T07:05:00Z,FNEL,1.38,1.38,1.38,1.38,10
2026-04-23T07:05:00Z,HASC,20.38,20.39,20.35,20.35,102331
2026-04-23T07:05:00Z,KOHP,6.5,6.54,6.48,6.53,777281
2026-04-23T07:05:00Z,MARI,660.99,660.99,660.0,660.0,472
2026-04-23T07:06:00Z,FNEL,1.38,1.38,1.38,1.38,0
2026-04-23T07:06:00Z,HASC,20.38,20.38,20.34,20.34,14152
2026-04-23T07:06:00Z,KOHP,6.53,6.55,6.52,6.54,471300
2026-04-23T07:06:00Z,MARI,660.0,660.0,658.01,659.0,3242
2026-04-23T07:07:00Z,FNEL,1.38,1.38,1.38,1.38,0
2026-04-23T07:07:00Z,HASC,20.33,20.35,20.3,20.34,324709
2026-04-23T07:07:00Z,KOHP,6.54,6.54,6.52,6.52,95175
2026-04-23T07:07:00Z,MARI,659.0,659.9,659.0,659.9,293
2026-04-23T07:08:00Z,FNEL,1.38,1.38,1.38,1.38,0
2026-04-23T07:08:00Z,HASC,20.31,20.32,20.25,20.25,110899
2026-04-23T07:08:00Z,KOHP,6.52,6.53,6.5,6.51,162815
2026-04-23T07:08:00Z,MARI,659.9,660.0,659.9,660.0,203
2026-04-23T07:09:00Z,FNEL,1.38,1.38,1.38,1.38,7400
2026-04-23T07:09:00Z,HASC,20.3,20.3,20.26,20.26,21915
2026-04-23T07:09:00Z,KOHP,6.52,6.52,6.5,6.52,119012
2026-04-23T07:09:00Z,MARI,660.0,661.5,659.0,659.0,1193
2026-04-23T07:10:00Z,FNEL,1.38,1.39,1.38,1.38,216000
2026-04-23T07:10:00Z,HASC,20.26,20.33,20.26,20.3,116910
2026-04-23T07:10:00Z,KOHP,6.51,6.52,6.51,6.52,352134
2026-04-23T07:10:00Z,MARI,659.0,659.0,658.98,658.99,2119
2026-04-23T07:11:00Z,FNEL,1.38,1.38,1.38,1.38,200000
2026-04-23T07:11:00Z,HASC,20.3,20.33,20.29,20.3,121491
2026-04-23T07:11:00Z,KOHP,6.52,6.52,6.47,6.48,140615
2026-04-23T07:11:00Z,MARI,658.99,658.99,658.99,658.99,215
2026-04-23T07:12:00Z,FNEL,1.39,1.39,1.39,1.39,20
2026-04-23T07:12:00Z,HASC,20.29,20.31,20.29,20.31,18462
2026-04-23T07:12:00Z,KOHP,6.48,6.5,6.46,6.46,536865
2026-04-23T07:12:00Z,MARI,658.99,661.0,658.99,661.0,150
2026-04-23T07:13:00Z,FNEL,1.39,1.39,1.39,1.39,15
2026-04-23T07:13:00Z,HASC,20.31,20.35,20.3,20.35,291982
2026-04-23T07:13:00Z,KOHP,6.46,6.47,6.44,6.45,419525
2026-04-23T07:13:00Z,MARI,659.0,661.47,657.88,658.0,6277
2026-04-23T07:14:00Z,FNEL,1.39,1.39,1.39,1.39,135
2026-04-23T07:14:00Z,HASC,20.33,20.33,20.27,20.3,148023
2026-04-23T07:14:00Z,KOHP,6.45,6.46,6.45,6.46,88810
2026-04-23T07:14:00Z,MARI,659.0,659.0,659.0,659.0,55
2026-04-23T07:15:00Z,FNEL,1.39,1.39,1.39,1.39,2
2026-04-23T07:15:00Z,HASC,20.32,20.32,20.28,20.29,36800
2026-04-23T07:15:00Z,KOHP,6.46,6.48,6.45,6.48,185950
2026-04-23T07:15:00Z,MARI,659.0,659.0,658.0,659.0,735
2026-04-23T07:16:00Z,FNEL,1.39,1.39,1.39,1.39,0
2026-04-23T07:16:00Z,HASC,20.3,20.3,20.27,20.28,147480
2026-04-23T07:16:00Z,KOHP,6.48,6.49,6.47,6.49,80500
2026-04-23T07:16:00Z,MARI,659.0,659.0,656.5,657.0,5110
2026-04-23T07:17:00Z,FNEL,1.39,1.39,1.39,1.39,0
2026-04-23T07:17:00Z,HASC,20.27,20.28,20.26,20.28,51602
2026-04-23T07:17:00Z,KOHP,6.47,6.48,6.44,6.45,50350
2026-04-23T07:17:00Z,MARI,658.9,658.9,658.9,658.9,20
2026-04-23T07:18:00Z,FNEL,1.39,1.39,1.39,1.39,86274
2026-04-23T07:18:00Z,HASC,20.28,20.3,20.26,20.29,54950
2026-04-23T07:18:00Z,KOHP,6.45,6.47,6.45,6.47,43151
2026-04-23T07:18:00Z,MARI,657.02,658.9,657.0,658.89,307
2026-04-23T07:19:00Z,FNEL,1.39,1.39,1.39,1.39,0
2026-04-23T07:19:00Z,HASC,20.29,20.44,20.29,20.44,253439
2026-04-23T07:19:00Z,KOHP,6.47,6.47,6.45,6.45,195944
2026-04-23T07:19:00Z,MARI,657.17,658.8,657.02,658.8,69
2026-04-23T07:20:00Z,FNEL,1.39,1.39,1.39,1.39,0
2026-04-23T07:20:00Z,HASC,20.4,20.45,20.4,20.44,63723
2026-04-23T07:20:00Z,KOHP,6.45,6.46,6.44,6.44,86336
2026-04-23T07:20:00Z,MARI,658.8,658.89,657.17,658.89,430
2026-04-23T07:21:00Z,FNEL,1.4,1.4,1.39,1.4,1023
2026-04-23T07:21:00Z,HASC,20.42,20.45,20.4,20.45,85157
2026-04-23T07:21:00Z,KOHP,6.45,6.45,6.44,6.44,44241
2026-04-23T07:21:00Z,MARI,658.89,658.89,657.0,657.0,4110
2026-04-23T07:22:00Z,FNEL,1.4,1.4,1.4,1.4,7500
2026-04-23T07:22:00Z,HASC,20.45,20.5,20.45,20.5,200159
2026-04-23T07:22:00Z,KOHP,6.43,6.43,6.41,6.42,172700
2026-04-23T07:22:00Z,MARI,658.89,658.89,657.25,658.89,100
2026-04-23T07:23:00Z,FNEL,1.39,1.4,1.37,1.37,178925
2026-04-23T07:23:00Z,HASC,20.51,20.6,20.51,20.56,207022
2026-04-23T07:23:00Z,KOHP,6.42,6.44,6.41,6.43,195220
2026-04-23T07:23:00Z,MARI,658.89,658.9,658.89,658.89,665
2026-04-23T07:24:00Z,FNEL,1.39,1.39,1.38,1.38,102105
2026-04-23T07:24:00Z,HASC,20.56,20.58,20.51,20.51,85027
2026-04-23T07:24:00Z,KOHP,6.43,6.45,6.43,6.43,80911
2026-04-23T07:24:00Z,MARI,658.89,658.89,658.62,658.62,35
2026-04-23T07:25:00Z,FNEL,1.38,1.38,1.38,1.38,0
2026-04-23T07:25:00Z,HASC,20.55,20.55,20.54,20.55,8231
2026-04-23T07:25:00Z,KOHP,6.44,6.45,6.43,6.45,11360
2026-04-23T07:25:00Z,MARI,658.65,659.0,658.65,658.65,1331
2026-04-23T07:26:00Z,FNEL,1.38,1.38,1.38,1.38,0
2026-04-23T07:26:00Z,HASC,20.55,20.55,20.51,20.51,11208
2026-04-23T07:26:00Z,KOHP,6.44,6.45,6.42,6.44,142038
2026-04-23T07:26:00Z,MARI,659.0,659.5,658.65,659.5,533
2026-04-23T07:27:00Z,FNEL,1.38,1.38,1.38,1.38,40000
2026-04-23T07:27:00Z,HASC,20.51,20.53,20.5,20.52,25625
2026-04-23T07:27:00Z,KOHP,6.44,6.44,6.43,6.44,1152
2026-04-23T07:27:00Z,MARI,659.0,659.05,658.65,659.0,1528
2026-04-23T07:28:00Z,FNEL,1.39,1.39,1.38,1.38,7000
2026-04-23T07:28:00Z,HASC,20.54,20.55,20.52,20.52,7940
2026-04-23T07:28:00Z,KOHP,6.44,6.45,6.43,6.43,141739
2026-04-23T07:28:00Z,MARI,659.0,659.0,658.65,658.65,130
2026-04-23T07:29:00Z,FNEL,1.38,1.38,1.38,1.38,0
2026-04-23T07:29:00Z,HASC,20.54,20.55,20.46,20.5,79064
2026-04-23T07:29:00Z,KOHP,6.42,6.43,6.42,6.43,75357
2026-04-23T07:29:00Z,MARI,659.0,659.0,659.0,659.0,1522
2026-04-23T07:30:00Z,FNEL,1.39,1.39,1.39,1.39,400
2026-04-23T07:30:00Z,HASC,20.5,20.5,20.47,20.47,2501
2026-04-23T07:30:00Z,KOHP,6.45,6.45,6.43,6.43,60681
2026-04-23T07:30:00Z,MARI,659.0,659.0,658.99,658.99,466
2026-04-23T07:31:00Z,FNEL,1.39,1.39,1.39,1.39,500
2026-04-23T07:31:00Z,HASC,20.46,20.5,20.46,20.48,57206
2026-04-23T07:31:00Z,KOHP,6.43,6.44,6.42,6.43,205379
2026-04-23T07:31:00Z,MARI,658.65,658.99,658.5,658.99,409
2026-04-23T07:32:00Z,FNEL,1.39,1.39,1.39,1.39,0
2026-04-23T07:32:00Z,HASC,20.48,20.49,20.44,20.44,151014
2026-04-23T07:32:00Z,KOHP,6.43,6.43,6.42,6.43,66530
2026-04-23T07:32:00Z,MARI,658.99,658.99,657.4,658.5,530
2026-04-23T07:33:00Z,FNEL,1.39,1.4,1.39,1.4,1559134
2026-04-23T07:33:00Z,HASC,20.42,20.44,20.41,20.41,11653
2026-04-23T07:33:00Z,KOHP,6.43,6.43,6.42,6.42,47070
2026-04-23T07:33:00Z,MARI,658.2,658.2,658.0,658.0,160
2026-04-23T07:34:00Z,FNEL,1.41,1.41,1.41,1.41,200000
2026-04-23T07:34:00Z,HASC,20.44,20.45,20.41,20.41,22137
2026-04-23T07:34:00Z,KOHP,6.43,6.44,6.42,6.43,1065
2026-04-23T07:34:00Z,MARI,658.0,658.0,657.99,657.99,17
2026-04-23T07:35:00Z,FNEL,1.41,1.41,1.41,1.41,150000
2026-04-23T07:35:00Z,HASC,20.42,20.45,20.42,20.42,5050
2026-04-23T07:35:00Z,KOHP,6.43,6.45,6.4,6.41,296789
2026-04-23T07:35:00Z,MARI,657.95,657.95,657.95,657.95,359
2026-04-23T07:36:00Z,FNEL,1.4,1.41,1.4,1.41,5210
2026-04-23T07:36:00Z,HASC,20.44,20.45,20.36,20.38,100820
2026-04-23T07:36:00Z,KOHP,6.44,6.44,6.41,6.43,7606
2026-04-23T07:36:00Z,MARI,657.95,657.95,657.95,657.95,141
2026-04-23T07:37:00Z,FNEL,1.41,1.41,1.41,1.41,0
2026-04-23T07:37:00Z,HASC,20.38,20.4,20.38,20.4,10485
2026-04-23T07:37:00Z,KOHP,6.44,6.44,6.43,6.43,19503
2026-04-23T07:37:00Z,MARI,658.0,658.0,657.95,658.0,647
2026-04-23T07:38:00Z,FNEL,1.4,1.41,1.4,1.41,29000
2026-04-23T07:38:00Z,HASC,20.4,20.44,20.4,20.42,5771
2026-04-23T07:38:00Z,KOHP,6.42,6.42,6.32,6.4,658413
2026-04-23T07:38:00Z,MARI,657.95,658.0,657.95,658.0,341
2026-04-23T07:39:00Z,FNEL,1.41,1.41,1.41,1.41,0
2026-04-23T07:39:00Z,HASC,20.42,20.42,20.37,20.37,18835
2026-04-23T07:39:00Z,KOHP,6.4,6.4,6.35,6.35,39335
2026-04-23T07:39:00Z,MARI,658.0,658.0,657.25,658.0,296
2026-04-23T07:40:00Z,FNEL,1.4,1.4,1.4,1.4,1030
2026-04-23T07:40:00Z,HASC,20.36,20.38,20.35,20.36,112415
2026-04-23T07:40:00Z,KOHP,6.36,6.39,6.35,6.39,69251
2026-04-23T07:40:00Z,MARI,658.0,658.0,658.0,658.0,169
2026-04-23T07:41:00Z,FNEL,1.4,1.41,1.4,1.41,25
2026-04-23T07:41:00Z,HASC,20.36,20.39,20.35,20.35,77578
2026-04-23T07:41:00Z,KOHP,6.39,6.43,6.39,6.41,283136
2026-04-23T07:41:00Z,MARI,658.0,658.0,658.0,658.0,504
2026-04-23T07:42:00Z,FNEL,1.4,1.4,1.4,1.4,10000
2026-04-23T07:42:00Z,HASC,20.35,20.38,20.34,20.38,152564
2026-04-23T07:42:00Z,KOHP,6.42,6.42,6.39,6.39,122461
2026-04-23T07:42:00Z,MARI,657.5,657.5,657.5,657.5,101
2026-04-23T07:43:00Z,FNEL,1.4,1.4,1.4,1.4,0
2026-04-23T07:43:00Z,HASC,20.38,20.39,20.32,20.32,83191
2026-04-23T07:43:00Z,KOHP,6.39,6.4,6.38,6.38,204105
2026-04-23T07:43:00Z,MARI,657.4,657.5,657.25,657.25,237
2026-04-23T07:44:00Z,FNEL,1.4,1.4,1.4,1.4,500
2026-04-23T07:44:00Z,HASC,20.33,20.35,20.3,20.3,236309
2026-04-23T07:44:00Z,KOHP,6.37,6.38,6.34,6.35,76990
2026-04-23T07:44:00Z,MARI,657.5,657.92,657.25,657.25,626
2026-04-23T07:45:00Z,FNEL,1.4,1.4,1.4,1.4,40000
2026-04-23T07:45:00Z,HASC,20.3,20.35,20.3,20.31,30263
2026-04-23T07:45:00Z,KOHP,6.35,6.35,6.35,6.35,4000
2026-04-23T07:45:00Z,MARI,657.2,657.9,657.0,657.0,1680
2026-04-23T07:46:00Z,FNEL,1.4,1.4,1.4,1.4,50020
2026-04-23T07:46:00Z,HASC,20.33,20.35,20.31,20.35,5105
2026-04-23T07:46:00Z,KOHP,6.35,6.39,6.35,6.35,25920
2026-04-23T07:46:00Z,MARI,657.9,657.9,657.1,657.9,203
2026-04-23T07:47:00Z,FNEL,1.41,1.41,1.41,1.41,7000
2026-04-23T07:47:00Z,HASC,20.38,20.38,20.33,20.33,24601
2026-04-23T07:47:00Z,KOHP,6.35,6.36,6.35,6.35,19000
2026-04-23T07:47:00Z,MARI,657.3,657.9,657.25,657.25,26
2026-04-23T07:48:00Z,FNEL,1.4,1.41,1.4,1.41,608632
2026-04-23T07:48:00Z,HASC,20.33,20.34,20.31,20.34,45501
2026-04-23T07:48:00Z,KOHP,6.36,6.36,6.34,6.34,54500
2026-04-23T07:48:00Z,MARI,657.25,657.3,657.25,657.3,306
2026-04-23T07:49:00Z,FNEL,1.41,1.42,1.41,1.42,5010
2026-04-23T07:49:00Z,HASC,20.34,20.38,20.32,20.32,26190
2026-04-23T07:49:00Z,KOHP,6.35,6.36,6.35,6.35,31600
2026-04-23T07:49:00Z,MARI,657.3,657.5,657.0,657.0,1642
2026-04-23T07:50:00Z,FNEL,1.42,1.42,1.42,1.42,0
2026-04-23T07:50:00Z,HASC,20.32,20.37,20.31,20.37,12934
2026-04-23T07:50:00Z,KOHP,6.34,6.34,6.25,6.28,491137
2026-04-23T07:50:00Z,MARI,657.0,657.0,656.67,656.67,295
2026-04-23T07:51:00Z,FNEL,1.41,1.42,1.4,1.42,1021015
2026-04-23T07:51:00Z,HASC,20.32,20.35,20.32,20.32,8400
2026-04-23T07:51:00Z,KOHP,6.28,6.28,6.25,6.28,213450
2026-04-23T07:51:00Z,MARI,657.0,657.0,657.0,657.0,6
2026-04-23T07:52:00Z,FNEL,1.42,1.42,1.41,1.41,110000
2026-04-23T07:52:00Z,HASC,20.35,20.35,20.33,20.35,1399
2026-04-23T07:52:00Z,KOHP,6.29,6.35,6.29,6.32,260858
2026-04-23T07:52:00Z,MARI,657.0,657.0,657.0,657.0,392
2026-04-23T07:53:00Z,FNEL,1.42,1.42,1.42,1.42,100000
2026-04-23T07:53:00Z,HASC,20.35,20.37,20.35,20.37,20419
2026-04-23T07:53:00Z,KOHP,6.32,6.34,6.3,6.3,106052
2026-04-23T07:53:00Z,MARI,657.0,657.0,656.99,656.99,54
2026-04-23T07:54:00Z,FNEL,1.41,1.42,1.41,1.42,804118
2026-04-23T07:54:00Z,HASC,20.37,20.39,20.37,20.38,13397
2026-04-23T07:54:00Z,KOHP,6.3,6.36,6.29,6.34,237823
2026-04-23T07:54:00Z,MARI,656.99,656.99,656.41,656.41,2084
2026-04-23T07:55:00Z,FNEL,1.43,1.44,1.42,1.44,1491098
2026-04-23T07:55:00Z,HASC,20.38,20.39,20.33,20.33,18231
2026-04-23T07:55:00Z,KOHP,6.34,6.35,6.31,6.35,162827
2026-04-23T07:55:00Z,MARI,656.5,656.5,656.5,656.5,1585
2026-04-23T07:56:00Z,FNEL,1.44,1.45,1.43,1.44,710762
2026-04-23T07:56:00Z,HASC,20.35,20.35,20.3,20.3,177439
2026-04-23T07:56:00Z,KOHP,6.33,6.33,6.33,6.33,5500
2026-04-23T07:56:00Z,MARI,656.41,657.0,656.06,657.0,308
2026-04-23T07:57:00Z,FNEL,1.44,1.44,1.44,1.44,12001
2026-04-23T07:57:00Z,HASC,20.31,20.35,20.29,20.32,125733
2026-04-23T07:57:00Z,KOHP,6.34,6.34,6.33,6.33,1600
2026-04-23T07:57:00Z,MARI,656.5,657.0,656.11,657.0,91
2026-04-23T07:58:00Z,FNEL,1.44,1.45,1.44,1.45,2289080
2026-04-23T07:58:00Z,HASC,20.3,20.32,20.3,20.3,43290
2026-04-23T07:58:00Z,KOHP,6.33,6.33,6.3,6.31,60125
2026-04-23T07:58:00Z,MARI,656.5,657.0,656.5,657.0,173
2026-04-23T07:59:00Z,FNEL,1.45,1.46,1.44,1.46,892849
2026-04-23T07:59:00Z,HASC,20.3,20.32,20.27,20.32,349467
2026-04-23T07:59:00Z,KOHP,6.3,6.32,6.3,6.32,41000
2026-04-23T07:59:00Z,MARI,656.99,656.99,656.5,656.99,228
2026-04-23T08:00:00Z,FNEL,1.46,1.46,1.44,1.44,162598
2026-04-23T08:00:00Z,HASC,20.32,20.35,20.2,20.28,692116
2026-04-23T08:00:00Z,KOHP,6.33,6.33,6.3,6.31,205500
2026-04-23T08:00:00Z,MARI,656.99,657.0,656.99,656.99,852
2026-04-23T08:01:00Z,FNEL,1.45,1.45,1.45,1.45,357826
2026-04-23T08:01:00Z,HASC,20.28,20.28,20.17,20.2,165154
2026-04-23T08:01:00Z,KOHP,6.32,6.36,6.32,6.36,434565
2026-04-23T08:01:00Z,MARI,657.0,657.0,656.99,657.0,3470
2026-04-23T08:02:00Z,FNEL,1.45,1.45,1.44,1.45,202489
2026-04-23T08:02:00Z,HASC,20.2,20.24,20.2,20.21,56798
2026-04-23T08:02:00Z,KOHP,6.36,6.37,6.33,6.33,55298
2026-04-23T08:02:00Z,MARI,657.0,657.5,657.0,657.5,490
2026-04-23T08:03:00Z,FNEL,1.45,1.46,1.45,1.45,2614145
2026-04-23T08:03:00Z,HASC,20.24,20.24,20.2,20.21,122800
2026-04-23T08:03:00Z,KOHP,6.36,6.36,6.35,6.35,35000
2026-04-23T08:03:00Z,MARI,657.5,657.5,657.5,657.5,22
2026-04-23T08:04:00Z,FNEL,1.46,1.48,1.46,1.48,6247789
2026-04-23T08:04:00Z,HASC,20.21,20.21,20.18,20.18,36439
2026-04-23T08:04:00Z,KOHP,6.35,6.37,6.35,6.37,42500
2026-04-23T08:04:00Z,MARI,657.5,657.5,657.0,657.0,7075
2026-04-23T08:05:00Z,FNEL,1.48,1.52,1.48,1.52,9884847
2026-04-23T08:05:00Z,HASC,20.18,20.21,20.18,20.2,49112
2026-04-23T08:05:00Z,KOHP,6.36,6.36,6.36,6.36,2385
2026-04-23T08:05:00Z,MARI,656.75,657.5,656.75,657.48,247
2026-04-23T08:06:00Z,FNEL,1.52,1.54,1.52,1.54,5741858
2026-04-23T08:06:00Z,HASC,20.2,20.23,20.1,20.1,544289
2026-04-23T08:06:00Z,KOHP,6.36,6.36,6.36,6.36,0
2026-04-23T08:06:00Z,MARI,657.48,657.48,656.52,656.52,262
2026-04-23T08:07:00Z,FNEL,1.53,1.53,1.5,1.51,3282768
2026-04-23T08:07:00Z,HASC,20.11,20.11,19.9,19.95,1195559
2026-04-23T08:07:00Z,KOHP,6.39,6.39,6.37,6.37,5820
2026-04-23T08:07:00Z,MARI,656.52,656.52,656.5,656.51,423
2026-04-23T08:08:00Z,FNEL,1.51,1.52,1.5,1.5,1021629
2026-04-23T08:08:00Z,HASC,19.99,20.1,19.99,20.1,499578
2026-04-23T08:08:00Z,KOHP,6.38,6.38,6.37,6.37,22130
2026-04-23T08:08:00Z,MARI,656.51,656.51,656.06,656.51,541
2026-04-23T08:09:00Z,FNEL,1.51,1.51,1.47,1.48,441770
2026-04-23T08:09:00Z,HASC,20.1,20.1,20.01,20.05,13300
2026-04-23T08:09:00Z,KOHP,6.37,6.38,6.36,6.38,100320
2026-04-23T08:09:00Z,MARI,656.51,656.52,656.06,656.52,332
2026-04-23T08:10:00Z,FNEL,1.47,1.49,1.47,1.48,192527
2026-04-23T08:10:00Z,HASC,20.08,20.08,20.05,20.06,65625
2026-04-23T08:10:00Z,KOHP,6.38,6.38,6.36,6.36,11231
2026-04-23T08:10:00Z,MARI,656.52,656.52,656.06,656.52,529
2026-04-23T08:11:00Z,FNEL,1.49,1.5,1.49,1.5,537239
2026-04-23T08:11:00Z,HASC,20.06,20.08,19.99,20.0,223156
2026-04-23T08:11:00Z,KOHP,6.37,6.37,6.36,6.36,32022
2026-04-23T08:11:00Z,MARI,656.52,656.52,656.52,656.52,151
2026-04-23T08:12:00Z,FNEL,1.51,1.53,1.5,1.53,1024796
2026-04-23T08:12:00Z,HASC,20.0,20.06,19.99,20.06,43038
2026-04-23T08:12:00Z,KOHP,6.36,6.36,6.35,6.36,21512
2026-04-23T08:12:00Z,MARI,656.1,656.52,656.06,656.52,213
2026-04-23T08:13:00Z,FNEL,1.53,1.53,1.52,1.52,1244077
2026-04-23T08:13:00Z,HASC,20.07,20.09,20.01,20.06,162091
2026-04-23T08:13:00Z,KOHP,6.36,6.36,6.34,6.34,62049
2026-04-23T08:13:00Z,MARI,657.0,657.48,656.52,656.52,1201
2026-04-23T08:14:00Z,FNEL,1.52,1.52,1.49,1.49,771683
2026-04-23T08:14:00Z,HASC,20.06,20.09,20.06,20.07,57504
2026-04-23T08:14:00Z,KOHP,6.33,6.33,6.33,6.33,57200
2026-04-23T08:14:00Z,MARI,657.0,657.0,656.06,657.0,2226
2026-04-23T08:15:00Z,FNEL,1.5,1.52,1.5,1.51,1159184
2026-04-23T08:15:00Z,HASC,20.06,20.06,20.0,20.05,159020
2026-04-23T08:15:00Z,KOHP,6.33,6.35,6.33,6.34,65500
2026-04-23T08:15:00Z,MARI,656.12,656.7,656.06,656.06,376
2026-04-23T08:16:00Z,FNEL,1.51,1.52,1.5,1.52,1172150
2026-04-23T08:16:00Z,HASC,20.03,20.07,20.03,20.06,67400
2026-04-23T08:16:00Z,KOHP,6.35,6.35,6.33,6.33,3840
2026-04-23T08:16:00Z,MARI,656.7,656.7,656.06,656.5,666
2026-04-23T08:17:00Z,FNEL,1.51,1.54,1.51,1.53,3098424
2026-04-23T08:17:00Z,HASC,20.05,20.07,20.0,20.0,217693
2026-04-23T08:17:00Z,KOHP,6.34,6.35,6.31,6.31,58650
2026-04-23T08:17:00Z,MARI,656.5,657.48,656.0,657.0,3663
2026-04-23T08:18:00Z,FNEL,1.54,1.56,1.52,1.56,6562490
2026-04-23T08:18:00Z,HASC,20.01,20.05,20.0,20.05,53400
2026-04-23T08:18:00Z,KOHP,6.34,6.35,6.32,6.32,89910
2026-04-23T08:18:00Z,MARI,656.99,656.99,656.5,656.5,109
2026-04-23T08:19:00Z,FNEL,1.55,1.57,1.54,1.56,1385206
2026-04-23T08:19:00Z,HASC,20.05,20.05,20.0,20.02,79202
2026-04-23T08:19:00Z,KOHP,6.32,6.32,6.32,6.32,0
2026-04-23T08:19:00Z,MARI,656.99,656.99,656.5,656.5,822
2026-04-23T08:20:00Z,FNEL,1.56,1.57,1.54,1.55,1151335
2026-04-23T08:20:00Z,HASC,20.0,20.04,20.0,20.0,88692
2026-04-23T08:20:00Z,KOHP,6.35,6.35,6.35,6.35,2036
2026-04-23T08:20:00Z,MARI,656.98,656.99,656.0,656.99,1934
2026-04-23T08:21:00Z,FNEL,1.55,1.59,1.54,1.58,4964868
2026-04-23T08:21:00Z,HASC,20.0,20.01,20.0,20.01,16244
2026-04-23T08:21:00Z,KOHP,6.35,6.35,6.34,6.34,15024
2026-04-23T08:21:00Z,MARI,656.99,656.99,656.75,656.75,21
2026-04-23T08:22:00Z,FNEL,1.58,1.62,1.57,1.61,10229085
2026-04-23T08:22:00Z,HASC,20.01,20.01,19.96,19.99,76216
2026-04-23T08:22:00Z,KOHP,6.34,6.34,6.34,6.34,80
2026-04-23T08:22:00Z,MARI,656.75,656.75,656.0,656.0,41
2026-04-23T08:23:00Z,FNEL,1.62,1.62,1.56,1.56,3444381
2026-04-23T08:23:00Z,HASC,19.99,20.0,19.96,20.0,85720
2026-04-23T08:23:00Z,KOHP,6.34,6.34,6.33,6.33,250
2026-04-23T08:23:00Z,MARI,656.0,656.0,655.54,656.0,2973
2026-04-23T08:24:00Z,FNEL,1.56,1.57,1.55,1.56,2208930
2026-04-23T08:24:00Z,HASC,19.96,19.96,19.9,19.91,111033
2026-04-23T08:24:00Z,KOHP,6.33,6.33,6.31,6.32,19590
2026-04-23T08:24:00Z,MARI,655.54,656.0,655.51,655.85,1172
2026-04-23T08:25:00Z,FNEL,1.56,1.57,1.55,1.56,1473634
2026-04-23T08:25:00Z,HASC,19.92,19.93,19.9,19.9,111286
2026-04-23T08:25:00Z,KOHP,6.32,6.39,6.31,6.32,112142
2026-04-23T08:25:00Z,MARI,655.85,656.0,655.51,655.51,1021
2026-04-23T08:26:00Z,FNEL,1.56,1.57,1.55,1.56,1296849
2026-04-23T08:26:00Z,HASC,19.9,19.9,19.83,19.84,39005
2026-04-23T08:26:00Z,KOHP,6.33,6.33,6.3,6.3,227001
2026-04-23T08:26:00Z,MARI,656.0,656.0,655.5,655.99,383
2026-04-23T08:27:00Z,FNEL,1.55,1.57,1.55,1.57,1986662
2026-04-23T08:27:00Z,HASC,19.84,19.87,19.84,19.85,237129
2026-04-23T08:27:00Z,KOHP,6.31,6.31,6.29,6.29,142696
2026-04-23T08:27:00Z,MARI,655.5,655.5,655.5,655.5,304
2026-04-23T08:28:00Z,FNEL,1.57,1.57,1.55,1.56,1758567
2026-04-23T08:28:00Z,HASC,19.86,19.89,19.85,19.89,29895
2026-04-23T08:28:00Z,KOHP,6.3,6.3,6.29,6.3,159901
2026-04-23T08:28:00Z,MARI,655.5,655.9,655.25,655.5,584
2026-04-23T08:29:00Z,FNEL,1.55,1.56,1.54,1.56,1888190
2026-04-23T08:29:00Z,HASC,19.87,20.04,19.85,20.04,251949
2026-04-23T08:29:00Z,KOHP,6.3,6.32,6.3,6.31,88969
2026-04-23T08:29:00Z,MARI,655.5,655.5,655.4,655.4,192
2026-04-23T08:30:00Z,FNEL,1.55,1.57,1.55,1.57,2400828
2026-04-23T08:30:00Z,HASC,20.04,20.2,20.04,20.2,351015
2026-04-23T08:30:00Z,KOHP,6.32,6.34,6.31,6.33,46445
2026-04-23T08:30:00Z,MARI,655.4,655.89,655.35,655.5,465
2026-04-23T08:31:00Z,FNEL,1.56,1.58,1.55,1.56,1965575
2026-04-23T08:31:00Z,HASC,20.19,20.24,20.12,20.17,240885
2026-04-23T08:31:00Z,KOHP,6.33,6.35,6.33,6.35,89100
2026-04-23T08:31:00Z,MARI,655.89,656.0,655.55,655.88,648
2026-04-23T08:32:00Z,FNEL,1.57,1.57,1.56,1.57,625137
2026-04-23T08:32:00Z,HASC,20.15,20.15,20.06,20.11,97922
2026-04-23T08:32:00Z,KOHP,6.35,6.4,6.35,6.4,86140
2026-04-23T08:32:00Z,MARI,655.88,656.75,655.88,656.01,216
2026-04-23T08:33:00Z,FNEL,1.57,1.57,1.56,1.56,304568
2026-04-23T08:33:00Z,HASC,20.14,20.3,20.14,20.24,564395
2026-04-23T08:33:00Z,KOHP,6.39,6.4,6.38,6.39,61600
2026-04-23T08:33:00Z,MARI,656.5,656.75,656.05,656.05,1564
2026-04-23T08:34:00Z,FNEL,1.56,1.56,1.52,1.53,996618
2026-04-23T08:34:00Z,HASC,20.24,20.28,20.2,20.25,87340
2026-04-23T08:34:00Z,KOHP,6.39,6.39,6.36,6.36,48700
2026-04-23T08:34:00Z,MARI,656.65,656.75,656.65,656.75,262
2026-04-23T08:35:00Z,FNEL,1.53,1.55,1.52,1.52,2307138
2026-04-23T08:35:00Z,HASC,20.25,20.34,20.25,20.3,140630
2026-04-23T08:35:00Z,KOHP,6.39,6.39,6.38,6.38,46200
2026-04-23T08:35:00Z,MARI,656.7,656.75,656.7,656.7,465
2026-04-23T08:36:00Z,FNEL,1.54,1.54,1.53,1.54,275260
2026-04-23T08:36:00Z,HASC,20.3,20.32,20.21,20.24,104904
2026-04-23T08:36:00Z,KOHP,6.38,6.38,6.36,6.38,1110
2026-04-23T08:36:00Z,MARI,656.75,656.75,656.7,656.75,314
2026-04-23T08:37:00Z,FNEL,1.54,1.54,1.53,1.53,517045
2026-04-23T08:37:00Z,HASC,20.23,20.29,20.21,20.21,66840
2026-04-23T08:37:00Z,KOHP,6.38,6.39,6.38,6.39,110
2026-04-23T08:37:00Z,MARI,656.75,656.75,656.5,656.5,803
2026-04-23T08:38:00Z,FNEL,1.53,1.54,1.53,1.53,232915
2026-04-23T08:38:00Z,HASC,20.21,20.25,20.17,20.17,199053
2026-04-23T08:38:00Z,KOHP,6.39,6.39,6.39,6.39,8435
2026-04-23T08:38:00Z,MARI,656.71,656.71,656.1,656.1,1838
2026-04-23T08:39:00Z,FNEL,1.53,1.54,1.52,1.52,733382
2026-04-23T08:39:00Z,HASC,20.19,20.2,20.15,20.16,42583
2026-04-23T08:39:00Z,KOHP,6.38,6.39,6.36,6.39,1760
2026-04-23T08:39:00Z,MARI,656.1,656.17,656.1,656.1,77
2026-04-23T08:40:00Z,FNEL,1.53,1.54,1.53,1.54,562835
2026-04-23T08:40:00Z,HASC,20.2,20.2,20.15,20.15,63232
2026-04-23T08:40:00Z,KOHP,6.38,6.38,6.37,6.37,2190
2026-04-23T08:40:00Z,MARI,656.3,656.75,656.3,656.75,206
2026-04-23T08:41:00Z,FNEL,1.54,1.54,1.53,1.53,772103
2026-04-23T08:41:00Z,HASC,20.15,20.19,20.11,20.11,11000
2026-04-23T08:41:00Z,KOHP,6.36,6.36,6.35,6.35,52465
2026-04-23T08:41:00Z,MARI,656.12,656.7,656.0,656.7,2249
2026-04-23T08:42:00Z,FNEL,1.53,1.54,1.53,1.54,315058
2026-04-23T08:42:00Z,HASC,20.11,20.11,20.1,20.11,19729
2026-04-23T08:42:00Z,KOHP,6.35,6.42,6.35,6.41,246528
2026-04-23T08:42:00Z,MARI,656.0,656.0,655.9,656.0,1267
2026-04-23T08:43:00Z,FNEL,1.54,1.54,1.53,1.54,192118
2026-04-23T08:43:00Z,HASC,20.11,20.11,20.1,20.11,9664
2026-04-23T08:43:00Z,KOHP,6.42,6.46,6.32,6.4,858388
2026-04-23T08:43:00Z,MARI,656.0,656.0,655.9,655.9,37
2026-04-23T08:44:00Z,FNEL,1.54,1.54,1.53,1.54,798500
2026-04-23T08:44:00Z,HASC,20.12,20.19,20.06,20.17,58000
2026-04-23T08:44:00Z,KOHP,6.4,6.41,6.4,6.4,45600
2026-04-23T08:44:00Z,MARI,655.9,656.0,655.9,656.0,38
2026-04-23T08:45:00Z,FNEL,1.54,1.55,1.53,1.54,836600
2026-04-23T08:45:00Z,HASC,20.17,20.17,20.1,20.17,21547
2026-04-23T08:45:00Z,KOHP,6.4,6.42,6.4,6.4,10573
2026-04-23T08:45:00Z,MARI,656.0,656.0,656.0,656.0,246
2026-04-23T08:46:00Z,FNEL,1.55,1.55,1.54,1.54,671314
2026-04-23T08:46:00Z,HASC,20.16,20.17,20.16,20.17,12168
2026-04-23T08:46:00Z,KOHP,6.4,6.42,6.37,6.4,37172
2026-04-23T08:46:00Z,MARI,656.0,656.0,655.89,655.89,174
2026-04-23T08:47:00Z,FNEL,1.54,1.54,1.53,1.54,606200
2026-04-23T08:47:00Z,HASC,20.14,20.19,20.11,20.11,11775
2026-04-23T08:47:00Z,KOHP,6.41,6.41,6.41,6.41,1
2026-04-23T08:47:00Z,MARI,655.89,656.0,655.88,656.0,86
2026-04-23T08:48:00Z,FNEL,1.54,1.55,1.53,1.55,1041520
2026-04-23T08:48:00Z,HASC,20.11,20.14,20.11,20.14,2900
2026-04-23T08:48:00Z,KOHP,6.4,6.46,6.4,6.45,166232
2026-04-23T08:48:00Z,MARI,655.88,655.88,655.88,655.88,3
2026-04-23T08:49:00Z,FNEL,1.55,1.56,1.55,1.56,596520
2026-04-23T08:49:00Z,HASC,20.16,20.18,20.14,20.18,14118
2026-04-23T08:49:00Z,KOHP,6.45,6.46,6.43,6.45,250131
2026-04-23T08:49:00Z,MARI,656.0,656.0,656.0,656.0,308
2026-04-23T08:50:00Z,FNEL,1.55,1.56,1.55,1.56,915590
2026-04-23T08:50:00Z,HASC,20.19,20.2,20.18,20.2,42362
2026-04-23T08:50:00Z,KOHP,6.45,6.46,6.45,6.46,50200
2026-04-23T08:50:00Z,MARI,656.0,656.0,656.0,656.0,244
2026-04-23T08:51:00Z,FNEL,1.55,1.56,1.55,1.55,36300
2026-04-23T08:51:00Z,HASC,20.2,20.23,20.19,20.2,75826
2026-04-23T08:51:00Z,KOHP,6.45,6.56,6.45,6.51,1175500
2026-04-23T08:51:00Z,MARI,656.0,656.0,655.9,656.0,222
2026-04-23T08:52:00Z,FNEL,1.55,1.56,1.55,1.55,207047
2026-04-23T08:52:00Z,HASC,20.2,20.28,20.2,20.28,53940
2026-04-23T08:52:00Z,KOHP,6.52,6.61,6.52,6.61,2304635
2026-04-23T08:52:00Z,MARI,656.0,656.0,656.0,656.0,61
2026-04-23T08:53:00Z,FNEL,1.55,1.56,1.54,1.55,620530
2026-04-23T08:53:00Z,HASC,20.27,20.3,20.27,20.3,84904
2026-04-23T08:53:00Z,KOHP,6.6,6.61,6.59,6.61,631600
2026-04-23T08:53:00Z,MARI,656.0,656.0,655.9,655.9,236
2026-04-23T08:54:00Z,FNEL,1.55,1.55,1.54,1.55,665053
2026-04-23T08:54:00Z,HASC,20.27,20.3,20.25,20.3,131320
2026-04-23T08:54:00Z,KOHP,6.61,6.63,6.6,6.62,688002
2026-04-23T08:54:00Z,MARI,655.9,655.9,655.9,655.9,22
2026-04-23T08:55:00Z,FNEL,1.55,1.56,1.54,1.56,900013
2026-04-23T08:55:00Z,HASC,20.29,20.3,20.25,20.25,82200
2026-04-23T08:55:00Z,KOHP,6.62,6.62,6.6,6.6,344765
2026-04-23T08:55:00Z,MARI,655.9,655.9,655.9,655.9,334
2026-04-23T08:56:00Z,FNEL,1.55,1.55,1.54,1.55,566120
2026-04-23T08:56:00Z,HASC,20.24,20.29,20.2,20.25,56073
2026-04-23T08:56:00Z,KOHP,6.61,6.64,6.61,6.63,488912
2026-04-23T08:56:00Z,MARI,655.9,656.0,655.9,656.0,1808
2026-04-23T08:57:00Z,FNEL,1.54,1.55,1.54,1.55,34462
2026-04-23T08:57:00Z,HASC,20.25,20.29,20.25,20.29,20937
2026-04-23T08:57:00Z,KOHP,6.63,6.67,6.62,6.67,793534
2026-04-23T08:57:00Z,MARI,656.49,656.5,656.0,656.0,2436
2026-04-23T08:58:00Z,FNEL,1.54,1.55,1.54,1.54,377600
2026-04-23T08:58:00Z,HASC,20.25,20.3,20.25,20.29,23370
2026-04-23T08:58:00Z,KOHP,6.68,6.72,6.65,6.66,1398892
2026-04-23T08:58:00Z,MARI,656.5,656.7,656.5,656.7,1323
2026-04-23T08:59:00Z,FNEL,1.55,1.55,1.54,1.55,111123
2026-04-23T08:59:00Z,HASC,20.31,20.35,20.31,20.32,46150
2026-04-23T08:59:00Z,KOHP,6.66,6.66,6.63,6.65,446160
2026-04-23T08:59:00Z,MARI,656.75,656.75,656.49,656.5,3523
2026-04-23T09:00:00Z,FNEL,1.54,1.55,1.54,1.54,26518
2026-04-23T09:00:00Z,HASC,20.32,20.44,20.32,20.43,162689
2026-04-23T09:00:00Z,KOHP,6.65,6.65,6.62,6.62,170558
2026-04-23T09:00:00Z,MARI,656.5,657.0,656.5,657.0,4086
2026-04-23T09:01:00Z,FNEL,1.55,1.55,1.54,1.54,169254
2026-04-23T09:01:00Z,HASC,20.43,20.44,20.36,20.4,91932
2026-04-23T09:01:00Z,KOHP,6.62,6.64,6.61,6.62,124665
2026-04-23T09:01:00Z,MARI,657.49,658.0,657.0,657.0,306
2026-04-23T09:02:00Z,FNEL,1.54,1.55,1.54,1.54,189149
2026-04-23T09:02:00Z,HASC,20.38,20.4,20.36,20.37,73726
2026-04-23T09:02:00Z,KOHP,6.63,6.63,6.57,6.57,707048
2026-04-23T09:02:00Z,MARI,657.0,657.97,657.0,657.5,994
2026-04-23T09:03:00Z,FNEL,1.54,1.55,1.54,1.54,93220
2026-04-23T09:03:00Z,HASC,20.37,20.37,20.34,20.34,862
2026-04-23T09:03:00Z,KOHP,6.57,6.6,6.56,6.57,284197
2026-04-23T09:03:00Z,MARI,657.97,657.97,656.5,656.5,256
2026-04-23T09:04:00Z,FNEL,1.54,1.55,1.53,1.53,323403
2026-04-23T09:04:00Z,HASC,20.31,20.35,20.3,20.3,39611
2026-04-23T09:04:00Z,KOHP,6.57,6.6,6.52,6.52,461700
2026-04-23T09:04:00Z,MARI,656.49,656.5,655.9,656.0,743
2026-04-23T09:05:00Z,FNEL,1.54,1.54,1.53,1.53,384503
2026-04-23T09:05:00Z,HASC,20.29,20.3,20.26,20.26,39340
2026-04-23T09:05:00Z,KOHP,6.52,6.54,6.51,6.53,178294
2026-04-23T09:05:00Z,MARI,655.9,655.9,655.01,655.85,6451
2026-04-23T09:06:00Z,FNEL,1.53,1.54,1.53,1.53,581400
2026-04-23T09:06:00Z,HASC,20.26,20.27,20.25,20.25,20581
2026-04-23T09:06:00Z,KOHP,6.53,6.54,6.51,6.51,68400
2026-04-23T09:06:00Z,MARI,655.7,655.7,655.0,655.0,3224
2026-04-23T09:07:00Z,FNEL,1.52,1.53,1.52,1.53,681785
2026-04-23T09:07:00Z,HASC,20.25,20.25,20.15,20.15,80101
2026-04-23T09:07:00Z,KOHP,6.51,6.51,6.46,6.48,338611
2026-04-23T09:07:00Z,MARI,655.01,656.5,655.0,656.5,3381
2026-04-23T09:08:00Z,FNEL,1.53,1.54,1.53,1.53,304341
2026-04-23T09:08:00Z,HASC,20.12,20.15,20.12,20.15,17574
2026-04-23T09:08:00Z,KOHP,6.49,6.52,6.49,6.51,126044
2026-04-23T09:08:00Z,MARI,656.49,656.5,656.0,656.5,255
2026-04-23T09:09:00Z,FNEL,1.54,1.54,1.53,1.54,92025
2026-04-23T09:09:00Z,HASC,20.15,20.2,20.15,20.2,8242
2026-04-23T09:09:00Z,KOHP,6.51,6.51,6.49,6.49,159935
2026-04-23T09:09:00Z,MARI,656.5,656.5,656.0,656.5,286
2026-04-23T09:10:00Z,FNEL,1.53,1.53,1.53,1.53,182725
2026-04-23T09:10:00Z,HASC,20.15,20.16,20.15,20.16,1010
2026-04-23T09:10:00Z,KOHP,6.5,6.5,6.48,6.48,86900
2026-04-23T09:10:00Z,MARI,656.5,656.5,656.0,656.0,50
2026-04-23T09:11:00Z,FNEL,1.53,1.54,1.52,1.53,626060
2026-04-23T09:11:00Z,HASC,20.16,20.2,20.15,20.15,10922
2026-04-23T09:11:00Z,KOHP,6.5,6.52,6.49,6.52,52965
2026-04-23T09:11:00Z,MARI,655.71,655.71,655.0,655.0,916
2026-04-23T09:12:00Z,FNEL,1.53,1.53,1.53,1.53,88660
2026-04-23T09:12:00Z,HASC,20.15,20.15,20.15,20.15,5234
2026-04-23T09:12:00Z,KOHP,6.5,6.52,6.48,6.5,139100
2026-04-23T09:12:00Z,MARI,655.0,655.71,654.99,654.99,536
2026-04-23T09:13:00Z,FNEL,1.53,1.54,1.53,1.53,186025
2026-04-23T09:13:00Z,HASC,20.15,20.19,20.13,20.19,36539
2026-04-23T09:13:00Z,KOHP,6.5,6.52,6.5,6.52,41132
2026-04-23T09:13:00Z,MARI,654.99,654.99,654.0,654.0,1467
2026-04-23T09:14:00Z,FNEL,1.53,1.54,1.53,1.53,286150
2026-04-23T09:14:00Z,HASC,20.2,20.2,20.19,20.2,47000
2026-04-23T09:14:00Z,KOHP,6.53,6.53,6.53,6.53,48000
2026-04-23T09:14:00Z,MARI,654.0,654.95,654.0,654.0,190
2026-04-23T09:15:00Z,FNEL,1.53,1.54,1.53,1.54,113200
2026-04-23T09:15:00Z,HASC,20.2,20.2,20.15,20.19,26475
2026-04-23T09:15:00Z,KOHP,6.53,6.58,6.52,6.55,224402
2026-04-23T09:15:00Z,MARI,654.0,654.0,654.0,654.0,245
2026-04-23T09:16:00Z,FNEL,1.53,1.54,1.53,1.54,53958
2026-04-23T09:16:00Z,HASC,20.2,20.23,20.19,20.2,85427
2026-04-23T09:16:00Z,KOHP,6.55,6.57,6.55,6.55,43500
2026-04-23T09:16:00Z,MARI,653.6,654.0,653.0,653.0,2949
2026-04-23T09:17:00Z,FNEL,1.53,1.54,1.53,1.53,116714
2026-04-23T09:17:00Z,HASC,20.19,20.2,20.15,20.2,56350
2026-04-23T09:17:00Z,KOHP,6.55,6.56,6.54,6.56,57803
2026-04-23T09:17:00Z,MARI,653.0,654.95,653.0,653.0,2231
2026-04-23T09:18:00Z,FNEL,1.53,1.53,1.53,1.53,20085
2026-04-23T09:18:00Z,HASC,20.15,20.2,20.15,20.19,1007
2026-04-23T09:18:00Z,KOHP,6.56,6.57,6.54,6.55,83342
2026-04-23T09:18:00Z,MARI,654.0,654.9,653.01,654.9,666
2026-04-23T09:19:00Z,FNEL,1.54,1.54,1.53,1.54,332764
2026-04-23T09:19:00Z,HASC,20.16,20.18,20.15,20.15,16818
2026-04-23T09:19:00Z,KOHP,6.54,6.56,6.54,6.55,46276
2026-04-23T09:19:00Z,MARI,654.9,654.9,653.99,653.99,104
2026-04-23T09:20:00Z,FNEL,1.54,1.54,1.53,1.54,1118164
2026-04-23T09:20:00Z,HASC,20.18,20.18,20.18,20.18,2318
2026-04-23T09:20:00Z,KOHP,6.55,6.55,6.55,6.55,22000
2026-04-23T09:20:00Z,MARI,653.6,654.0,653.6,654.0,875
2026-04-23T09:21:00Z,FNEL,1.55,1.55,1.54,1.54,891664
2026-04-23T09:21:00Z,HASC,20.19,20.19,20.14,20.15,15532
2026-04-23T09:21:00Z,KOHP,6.54,6.55,6.53,6.53,19724
2026-04-23T09:21:00Z,MARI,653.98,654.85,653.98,654.85,137
2026-04-23T09:22:00Z,FNEL,1.55,1.55,1.54,1.55,118004
2026-04-23T09:22:00Z,HASC,20.18,20.2,20.18,20.2,10050
2026-04-23T09:22:00Z,KOHP,6.53,6.53,6.52,6.53,107777
2026-04-23T09:22:00Z,MARI,653.98,653.98,652.2,652.2,2745
2026-04-23T09:23:00Z,FNEL,1.54,1.55,1.54,1.55,921270
2026-04-23T09:23:00Z,HASC,20.18,20.2,20.18,20.2,200
2026-04-23T09:23:00Z,KOHP,6.52,6.52,6.51,6.51,34555
2026-04-23T09:23:00Z,MARI,653.98,654.95,653.51,654.95,340
2026-04-23T09:24:00Z,FNEL,1.55,1.56,1.55,1.55,73228
2026-04-23T09:24:00Z,HASC,20.2,20.2,20.17,20.17,2305
2026-04-23T09:24:00Z,KOHP,6.52,6.52,6.5,6.51,16345
2026-04-23T09:24:00Z,MARI,654.95,654.95,651.25,652.0,6180
2026-04-23T09:25:00Z,FNEL,1.56,1.56,1.55,1.55,321200
2026-04-23T09:25:00Z,HASC,20.17,20.17,20.15,20.16,15995
2026-04-23T09:25:00Z,KOHP,6.5,6.52,6.5,6.5,14362
2026-04-23T09:25:00Z,MARI,652.0,654.9,651.5,654.9,809
2026-04-23T09:26:00Z,FNEL,1.56,1.56,1.55,1.56,1651592
2026-04-23T09:26:00Z,HASC,20.17,20.17,20.17,20.17,10135
2026-04-23T09:26:00Z,KOHP,6.5,6.53,6.5,6.53,11925
2026-04-23T09:26:00Z,MARI,652.0,652.0,652.0,652.0,797
2026-04-23T09:27:00Z,FNEL,1.56,1.57,1.56,1.56,636420
2026-04-23T09:27:00Z,HASC,20.16,20.16,20.15,20.15,8511
2026-04-23T09:27:00Z,KOHP,6.53,6.53,6.5,6.5,13000
2026-04-23T09:27:00Z,MARI,651.99,652.0,651.99,651.99,421
2026-04-23T09:28:00Z,FNEL,1.57,1.57,1.56,1.57,222700
2026-04-23T09:28:00Z,HASC,20.15,20.2,20.15,20.2,53789
2026-04-23T09:28:00Z,KOHP,6.51,6.53,6.5,6.53,36000
2026-04-23T09:28:00Z,MARI,651.99,652.0,651.5,651.5,2476
2026-04-23T09:29:00Z,FNEL,1.57,1.57,1.56,1.56,872571
2026-04-23T09:29:00Z,HASC,20.2,20.3,20.2,20.27,83947
2026-04-23T09:29:00Z,KOHP,6.52,6.55,6.52,6.54,63185
2026-04-23T09:29:00Z,MARI,651.5,653.99,651.5,653.95,2281
2026-04-23T09:30:00Z,FNEL,1.56,1.56,1.56,1.56,183500
2026-04-23T09:30:00Z,HASC,20.3,20.3,20.27,20.29,15450
2026-04-23T09:30:00Z,KOHP,6.54,6.55,6.54,6.55,195125
2026-04-23T09:30:00Z,MARI,652.5,653.0,652.0,652.01,1119
2026-04-23T09:31:00Z,FNEL,1.55,1.58,1.55,1.57,1168425
2026-04-23T09:31:00Z,HASC,20.27,20.27,20.25,20.25,5795
2026-04-23T09:31:00Z,KOHP,6.56,6.57,6.55,6.57,79221
2026-04-23T09:31:00Z,MARI,652.0,653.0,652.0,653.0,7877
2026-04-23T09:32:00Z,FNEL,1.57,1.58,1.57,1.57,193730
2026-04-23T09:32:00Z,HASC,20.23,20.26,20.21,20.26,3120
2026-04-23T09:32:00Z,KOHP,6.57,6.59,6.55,6.59,63042
2026-04-23T09:32:00Z,MARI,652.9,652.9,652.9,652.9,338
2026-04-23T09:33:00Z,FNEL,1.58,1.58,1.57,1.58,123850
2026-04-23T09:33:00Z,HASC,20.27,20.29,20.26,20.28,40821
2026-04-23T09:33:00Z,KOHP,6.59,6.6,6.58,6.6,41884
2026-04-23T09:33:00Z,MARI,652.3,652.3,652.0,652.0,1000
2026-04-23T09:34:00Z,FNEL,1.57,1.58,1.57,1.57,185000
2026-04-23T09:34:00Z,HASC,20.29,20.29,20.28,20.28,4106
2026-04-23T09:34:00Z,KOHP,6.59,6.62,6.58,6.58,233249
2026-04-23T09:34:00Z,MARI,652.9,653.0,652.0,653.0,1886
2026-04-23T09:35:00Z,FNEL,1.57,1.58,1.57,1.57,269400
2026-04-23T09:35:00Z,HASC,20.29,20.35,20.26,20.34,196063
2026-04-23T09:35:00Z,KOHP,6.6,6.6,6.58,6.6,48008
2026-04-23T09:35:00Z,MARI,653.0,653.0,652.03,653.0,459
2026-04-23T09:36:00Z,FNEL,1.58,1.58,1.57,1.57,337605
2026-04-23T09:36:00Z,HASC,20.33,20.33,20.33,20.33,25000
2026-04-23T09:36:00Z,KOHP,6.6,6.6,6.59,6.59,52000
2026-04-23T09:36:00Z,MARI,653.0,653.0,653.0,653.0,0
2026-04-23T09:37:00Z,FNEL,1.58,1.58,1.57,1.58,62000
2026-04-23T09:37:00Z,HASC,20.34,20.34,20.27,20.27,5398
2026-04-23T09:37:00Z,KOHP,6.59,6.6,6.59,6.59,33000
2026-04-23T09:37:00Z,MARI,653.0,653.0,653.0,653.0,0
2026-04-23T09:38:00Z,FNEL,1.58,1.58,1.57,1.58,1878268
2026-04-23T09:38:00Z,HASC,20.27,20.27,20.23,20.23,22310
2026-04-23T09:38:00Z,KOHP,6.59,6.65,6.58,6.62,101012
2026-04-23T09:38:00Z,MARI,653.0,653.0,653.0,653.0,0
2026-04-23T09:39:00Z,FNEL,1.58,1.59,1.57,1.59,2958072
2026-04-23T09:39:00Z,HASC,20.25,20.25,20.2,20.25,81180
2026-04-23T09:39:00Z,KOHP,6.62,6.63,6.6,6.63,13650
2026-04-23T09:39:00Z,MARI,653.0,653.0,653.0,653.0,0
2026-04-23T09:40:00Z,FNEL,1.58,1.6,1.58,1.59,1052425
2026-04-23T09:40:00Z,HASC,20.22,20.24,20.22,20.24,10879
2026-04-23T09:40:00Z,KOHP,6.63,6.63,6.6,6.62,19700
2026-04-23T09:40:00Z,MARI,653.0,653.0,653.0,653.0,0
2026-04-23T09:41:00Z,FNEL,1.6,1.63,1.59,1.62,12490889
2026-04-23T09:41:00Z,HASC,20.25,20.27,20.23,20.23,14410
2026-04-23T09:41:00Z,KOHP,6.63,6.63,6.62,6.62,80909
2026-04-23T09:41:00Z,MARI,653.0,653.0,653.0,653.0,0
2026-04-23T09:42:00Z,FNEL,1.63,1.67,1.63,1.66,10555697
2026-04-23T09:42:00Z,HASC,20.23,20.27,20.23,20.25,27125
2026-04-23T09:42:00Z,KOHP,6.62,6.62,6.59,6.59,79643
2026-04-23T09:42:00Z,MARI,653.0,653.0,653.0,653.0,0
2026-04-23T09:43:00Z,FNEL,1.66,1.67,1.65,1.66,2867082
2026-04-23T09:43:00Z,HASC,20.25,20.31,20.25,20.3,9862
2026-04-23T09:43:00Z,KOHP,6.6,6.62,6.59,6.59,59600
2026-04-23T09:43:00Z,MARI,653.0,653.0,653.0,653.0,0
2026-04-23T09:44:00Z,FNEL,1.66,1.67,1.65,1.65,1638051
2026-04-23T09:44:00Z,HASC,20.29,20.43,20.29,20.43,534525
2026-04-23T09:44:00Z,KOHP,6.6,6.6,6.58,6.6,47399
2026-04-23T09:44:00Z,MARI,653.0,653.0,653.0,653.0,0
2026-04-23T09:45:00Z,FNEL,1.66,1.66,1.63,1.63,3440509
2026-04-23T09:45:00Z,HASC,20.43,20.55,20.36,20.55,937941
2026-04-23T09:45:00Z,KOHP,6.6,6.62,6.6,6.6,79604
2026-04-23T09:45:00Z,MARI,653.0,653.0,653.0,653.0,0
2026-04-23T09:46:00Z,FNEL,1.64,1.65,1.62,1.62,1387664
2026-04-23T09:46:00Z,HASC,20.53,20.55,20.36,20.4,334543
2026-04-23T09:46:00Z,KOHP,6.61,6.61,6.58,6.58,43526
2026-04-23T09:46:00Z,MARI,653.0,653.0,653.0,653.0,0
2026-04-23T09:47:00Z,FNEL,1.62,1.64,1.62,1.63,951449
2026-04-23T09:47:00Z,HASC,20.4,20.4,20.3,20.3,62268
2026-04-23T09:47:00Z,KOHP,6.58,6.58,6.54,6.55,62856
2026-04-23T09:47:00Z,MARI,653.0,653.0,653.0,653.0,0
2026-04-23T09:48:00Z,FNEL,1.63,1.63,1.63,1.63,0
2026-04-23T09:48:00Z,HASC,20.3,20.3,20.3,20.3,0
2026-04-23T09:48:00Z,KOHP,6.55,6.55,6.55,6.55,0
2026-04-23T09:48:00Z,MARI,653.0,653.0,653.0,653.0,0
2026-04-23T09:49:00Z,FNEL,1.63,1.63,1.63,1.63,0
2026-04-23T09:49:00Z,HASC,20.3,20.3,20.3,20.3,0
2026-04-23T09:49:00Z,KOHP,6.55,6.55,6.55,6.55,0
2026-04-23T09:49:00Z,MARI,653.0,653.0,653.0,653.0,0
2026-04-23T09:50:00Z,FNEL,1.63,1.63,1.63,1.63,0
2026-04-23T09:50:00Z,HASC,20.3,20.3,20.3,20.3,0
2026-04-23T09:50:00Z,KOHP,6.55,6.55,6.55,6.55,0
2026-04-23T09:50:00Z,MARI,653.0,653.0,653.0,653.0,0
2026-04-23T09:51:00Z,FNEL,1.63,1.63,1.63,1.63,0
2026-04-23T09:51:00Z,HASC,20.3,20.3,20.3,20.3,0
2026-04-23T09:51:00Z,KOHP,6.55,6.55,6.55,6.55,0
2026-04-23T09:51:00Z,MARI,653.0,653.0,653.0,653.0,0
2026-04-23T09:52:00Z,FNEL,1.63,1.63,1.63,1.63,0
2026-04-23T09:52:00Z,HASC,20.3,20.3,20.3,20.3,0
2026-04-23T09:52:00Z,KOHP,6.55,6.55,6.55,6.55,0
2026-04-23T09:52:00Z,MARI,653.0,653.0,653.0,653.0,0
2026-04-23T09:53:00Z,FNEL,1.63,1.63,1.63,1.63,0
2026-04-23T09:53:00Z,HASC,20.3,20.3,20.3,20.3,0
2026-04-23T09:53:00Z,KOHP,6.55,6.55,6.55,6.55,0
2026-04-23T09:53:00Z,MARI,653.0,653.0,653.0,653.0,0
2026-04-23T09:54:00Z,FNEL,1.63,1.63,1.63,1.63,0
2026-04-23T09:54:00Z,HASC,20.3,20.3,20.3,20.3,0
2026-04-23T09:54:00Z,KOHP,6.55,6.55,6.55,6.55,0
2026-04-23T09:54:00Z,MARI,653.0,653.0,653.0,653.0,0
2026-04-23T09:55:00Z,FNEL,1.63,1.63,1.63,1.63,0
2026-04-23T09:55:00Z,HASC,20.3,20.3,20.3,20.3,0
2026-04-23T09:55:00Z,KOHP,6.55,6.55,6.55,6.55,0
2026-04-23T09:55:00Z,MARI,653.0,653.0,653.0,653.0,0
2026-04-23T09:56:00Z,FNEL,1.63,1.63,1.63,1.63,0
2026-04-23T09:56:00Z,HASC,20.3,20.3,20.3,20.3,0
2026-04-23T09:56:00Z,KOHP,6.55,6.55,6.55,6.55,0
2026-04-23T09:56:00Z,MARI,653.0,653.0,653.0,653.0,0
2026-04-23T09:57:00Z,FNEL,1.63,1.63,1.63,1.63,0
2026-04-23T09:57:00Z,HASC,20.3,20.3,20.3,20.3,0
2026-04-23T09:57:00Z,KOHP,6.55,6.55,6.55,6.55,0
2026-04-23T09:57:00Z,MARI,653.0,653.0,653.0,653.0,0
2026-04-23T09:58:00Z,FNEL,1.63,1.63,1.63,1.63,0
2026-04-23T09:58:00Z,HASC,20.3,20.3,20.3,20.3,0
2026-04-23T09:58:00Z,KOHP,6.55,6.55,6.55,6.55,0
2026-04-23T09:58:00Z,MARI,653.0,653.0,653.0,653.0,0
2026-04-23T09:59:00Z,FNEL,1.63,1.63,1.63,1.63,0
2026-04-23T09:59:00Z,HASC,20.3,20.3,20.3,20.3,0
2026-04-23T09:59:00Z,KOHP,6.55,6.55,6.55,6.55,0
2026-04-23T09:59:00Z,MARI,653.0,653.0,653.0,653.0,0
2026-04-23T10:00:00Z,FNEL,1.63,1.63,1.63,1.63,0
2026-04-23T10:00:00Z,HASC,20.3,20.3,20.3,20.3,0
2026-04-23T10:00:00Z,KOHP,6.55,6.55,6.55,6.55,0
2026-04-23T10:00:00Z,MARI,653.0,653.0,653.0,653.0,0
2026-04-23T10:01:00Z,FNEL,1.63,1.63,1.63,1.63,0
2026-04-23T10:01:00Z,HASC,20.3,20.3,20.3,20.3,0
2026-04-23T10:01:00Z,KOHP,6.55,6.55,6.55,6.55,0
2026-04-23T10:01:00Z,MARI,653.0,653.0,653.0,653.0,0
2026-04-23T10:02:00Z,FNEL,1.63,1.63,1.63,1.63,0
2026-04-23T10:02:00Z,HASC,20.3,20.3,20.3,20.3,0
2026-04-23T10:02:00Z,KOHP,6.55,6.55,6.55,6.55,0
2026-04-23T10:02:00Z,MARI,653.0,653.0,653.0,653.0,0
2026-04-23T10:03:00Z,FNEL,1.63,1.63,1.63,1.63,0
2026-04-23T10:03:00Z,HASC,20.3,20.3,20.3,20.3,0
2026-04-23T10:03:00Z,KOHP,6.55,6.55,6.55,6.55,0
2026-04-23T10:03:00Z,MARI,653.0,653.0,653.0,653.0,0
2026-04-23T10:04:00Z,FNEL,1.63,1.63,1.63,1.63,0
2026-04-23T10:04:00Z,HASC,20.3,20.3,20.3,20.3,0
2026-04-23T10:04:00Z,KOHP,6.55,6.55,6.55,6.55,0
2026-04-23T10:04:00Z,MARI,653.0,653.0,653.0,653.0,0
2026-04-23T10:05:00Z,FNEL,1.63,1.63,1.63,1.63,0
2026-04-23T10:05:00Z,HASC,20.3,20.3,20.3,20.3,0
2026-04-23T10:05:00Z,KOHP,6.55,6.55,6.55,6.55,0
2026-04-23T10:05:00Z,MARI,653.0,653.0,653.0,653.0,0
2026-04-23T10:06:00Z,FNEL,1.63,1.63,1.63,1.63,0
2026-04-23T10:06:00Z,HASC,20.3,20.3,20.3,20.3,0
2026-04-23T10:06:00Z,KOHP,6.55,6.55,6.55,6.55,0
2026-04-23T10:06:00Z,MARI,653.0,653.0,653.0,653.0,0
2026-04-23T10:07:00Z,FNEL,1.63,1.63,1.63,1.63,0
2026-04-23T10:07:00Z,HASC,20.3,20.3,20.3,20.3,0
2026-04-23T10:07:00Z,KOHP,6.55,6.55,6.55,6.55,0
2026-04-23T10:07:00Z,MARI,653.0,653.0,653.0,653.0,0
2026-04-23T10:08:00Z,FNEL,1.63,1.63,1.63,1.63,0
2026-04-23T10:08:00Z,HASC,20.3,20.3,20.3,20.3,0
2026-04-23T10:08:00Z,KOHP,6.55,6.55,6.55,6.55,0
2026-04-23T10:08:00Z,MARI,653.0,653.0,653.0,653.0,0
2026-04-23T10:09:00Z,FNEL,1.63,1.63,1.63,1.63,0
2026-04-23T10:09:00Z,HASC,20.3,20.3,20.3,20.3,0
2026-04-23T10:09:00Z,KOHP,6.55,6.55,6.55,6.55,0
2026-04-23T10:09:00Z,MARI,653.0,653.0,653.0,653.0,0
2026-04-23T10:10:00Z,FNEL,1.63,1.63,1.63,1.63,0
2026-04-23T10:10:00Z,HASC,20.3,20.3,20.3,20.3,0
2026-04-23T10:10:00Z,KOHP,6.55,6.55,6.55,6.55,0
2026-04-23T10:10:00Z,MARI,653.0,653.0,653.0,653.0,0
2026-04-23T10:11:00Z,FNEL,1.63,1.63,1.63,1.63,0
2026-04-23T10:11:00Z,HASC,20.3,20.3,20.3,20.3,0
2026-04-23T10:11:00Z,KOHP,6.55,6.55,6.55,6.55,0
2026-04-23T10:11:00Z,MARI,653.0,653.0,653.0,653.0,0
2026-04-23T10:12:00Z,FNEL,1.63,1.63,1.63,1.63,0
2026-04-23T10:12:00Z,HASC,20.3,20.3,20.3,20.3,0
2026-04-23T10:12:00Z,KOHP,6.55,6.55,6.55,6.55,0
2026-04-23T10:12:00Z,MARI,653.0,653.0,653.0,653.0,0
2026-04-23T10:13:00Z,FNEL,1.63,1.63,1.63,1.63,0
2026-04-23T10:13:00Z,HASC,20.3,20.3,20.3,20.3,0
2026-04-23T10:13:00Z,KOHP,6.55,6.55,6.55,6.55,0
2026-04-23T10:13:00Z,MARI,653.0,653.0,653.0,653.0,0
2026-04-23T10:14:00Z,FNEL,1.63,1.63,1.63,1.63,0
2026-04-23T10:14:00Z,HASC,20.3,20.3,20.3,20.3,0
2026-04-23T10:14:00Z,KOHP,6.55,6.55,6.55,6.55,0
2026-04-23T10:14:00Z,MARI,653.0,653.0,653.0,653.0,0
2026-04-23T10:15:00Z,FNEL,1.63,1.63,1.63,1.63,0
2026-04-23T10:15:00Z,HASC,20.3,20.3,20.3,20.3,0
2026-04-23T10:15:00Z,KOHP,6.55,6.55,6.55,6.55,0
2026-04-23T10:15:00Z,MARI,653.0,653.0,653.0,653.0,0
2026-04-23T10:16:00Z,FNEL,1.63,1.63,1.63,1.63,0
2026-04-23T10:16:00Z,HASC,20.3,20.3,20.3,20.3,0
2026-04-23T10:16:00Z,KOHP,6.55,6.55,6.55,6.55,0
2026-04-23T10:16:00Z,MARI,653.0,653.0,653.0,653.0,0
2026-04-23T10:17:00Z,FNEL,1.63,1.63,1.63,1.63,0
2026-04-23T10:17:00Z,HASC,20.3,20.3,20.3,20.3,0
2026-04-23T10:17:00Z,KOHP,6.55,6.55,6.55,6.55,0
2026-04-23T10:17:00Z,MARI,653.0,653.0,653.0,653.0,0
2026-04-23T10:18:00Z,FNEL,1.63,1.63,1.63,1.63,0
2026-04-23T10:18:00Z,HASC,20.3,20.3,20.3,20.3,0
2026-04-23T10:18:00Z,KOHP,6.55,6.55,6.55,6.55,0
2026-04-23T10:18:00Z,MARI,653.0,653.0,653.0,653.0,0
2026-04-23T10:19:00Z,FNEL,1.63,1.63,1.63,1.63,0
2026-04-23T10:19:00Z,HASC,20.3,20.3,20.3,20.3,0
2026-04-23T10:19:00Z,KOHP,6.55,6.55,6.55,6.55,0
2026-04-23T10:19:00Z,MARI,653.0,653.0,653.0,653.0,0
2026-04-23T10:20:00Z,FNEL,1.63,1.63,1.63,1.63,0
2026-04-23T10:20:00Z,HASC,20.3,20.3,20.3,20.3,0
2026-04-23T10:20:00Z,KOHP,6.55,6.55,6.55,6.55,0
2026-04-23T10:20:00Z,MARI,653.0,653.0,653.0,653.0,0
2026-04-23T10:21:00Z,FNEL,1.63,1.63,1.63,1.63,0
2026-04-23T10:21:00Z,HASC,20.3,20.3,20.3,20.3,0
2026-04-23T10:21:00Z,KOHP,6.55,6.55,6.55,6.55,0
2026-04-23T10:21:00Z,MARI,653.0,653.0,653.0,653.0,0
2026-04-23T10:22:00Z,FNEL,1.63,1.63,1.63,1.63,0
2026-04-23T10:22:00Z,HASC,20.3,20.3,20.3,20.3,0
2026-04-23T10:22:00Z,KOHP,6.55,6.55,6.55,6.55,0
2026-04-23T10:22:00Z,MARI,653.0,653.0,653.0,653.0,0
2026-04-23T10:23:00Z,FNEL,1.63,1.63,1.63,1.63,0
2026-04-23T10:23:00Z,HASC,20.3,20.3,20.3,20.3,0
2026-04-23T10:23:00Z,KOHP,6.55,6.55,6.55,6.55,0
2026-04-23T10:23:00Z,MARI,653.0,653.0,653.0,653.0,0
2026-04-23T10:24:00Z,FNEL,1.63,1.63,1.63,1.63,0
2026-04-23T10:24:00Z,HASC,20.3,20.3,20.3,20.3,0
2026-04-23T10:24:00Z,KOHP,6.55,6.55,6.55,6.55,0
2026-04-23T10:24:00Z,MARI,653.0,653.0,653.0,653.0,0
2026-04-23T10:25:00Z,FNEL,1.63,1.63,1.63,1.63,0
2026-04-23T10:25:00Z,HASC,20.3,20.3,20.3,20.3,0
2026-04-23T10:25:00Z,KOHP,6.55,6.55,6.55,6.55,0
2026-04-23T10:25:00Z,MARI,653.0,653.0,653.0,653.0,0
2026-04-23T10:26:00Z,FNEL,1.63,1.63,1.63,1.63,0
2026-04-23T10:26:00Z,HASC,20.3,20.3,20.3,20.3,0
2026-04-23T10:26:00Z,KOHP,6.55,6.55,6.55,6.55,0
2026-04-23T10:26:00Z,MARI,653.0,653.0,653.0,653.0,0
2026-04-23T10:27:00Z,FNEL,1.63,1.63,1.63,1.63,0
2026-04-23T10:27:00Z,HASC,20.3,20.3,20.3,20.3,0
2026-04-23T10:27:00Z,KOHP,6.55,6.55,6.55,6.55,0
2026-04-23T10:27:00Z,MARI,653.0,653.0,653.0,653.0,0
2026-04-23T10:28:00Z,FNEL,1.63,1.63,1.63,1.63,0
2026-04-23T10:28:00Z,HASC,20.3,20.3,20.3,20.3,0
2026-04-23T10:28:00Z,KOHP,6.55,6.55,6.55,6.55,0
2026-04-23T10:28:00Z,MARI,653.0,653.0,653.0,653.0,0
2026-04-23T10:29:00Z,FNEL,1.63,1.63,1.63,1.63,0
2026-04-23T10:29:00Z,HASC,20.3,20.3,20.3,20.3,0
2026-04-23T10:29:00Z,KOHP,6.55,6.55,6.55,6.55,0
2026-04-23T10:29:00Z,MARI,653.0,653.0,653.0,653.0,0
